Id,Nome,Categoria,Sub-categoria,Valor,Sistema ,Fisico,Situação ,Data,motivo ,Resolvido ?,Como ?
23018,Lente de Vidro da Câmera iPhone XS Max - Prata,Manutenção Câmera,M. iPhone XS Max,"250,00",2.0,2.0,OK,2025-07-10,,,
23020,Lente de Vidro da Câmera iPhone XS Max - Preto,Manutenção Câmera,M. iPhone XS Max,"250,00",2.0,2.0,OK,2025-07-10,,,
23286,Bateria de iPhone XS Max,Manutenção Bateria,M. iPhone XS Max,"790,00",3.0,3.0,OK,2025-07-10,,,
23820,Flex Volume - iPhone XS Max,Manutenção Vibra / Volume / Power,M. iPhone XS Max,"400,00",1.0,1.0,OK,2025-07-10,,,
23918,Vidro e touchscreen com LCD iPhone XS Max - Preto,Manutenção LCD/ Touch,M. iPhone XS Max,"1.200,00",2.0,2.0,OK,2025-07-10,,,
23931,Flex da função power para iPhone XS Max,Manutenção Vibra / Volume / Power,M. iPhone XS Max,"500,00",1.0,1.0,OK,2025-07-10,,,
23932,Flex da função de ajuste de volume para iPhone XS Max,Manutenção Vibra / Volume / Power,M. iPhone XS Max,"400,00",1.0,1.0,OK,2025-07-10,,,
23934,Flex de Conector de Carga para iPhone XS Max Preto,Manutenção Conector,M. iPhone XS Max,"500,00",2.0,2.0,OK,2025-07-10,,,
23935,Alto-falante auricular para iPhone XS Max,Manutenção Alto Falante,M. iPhone XS Max,"400,00",1.0,1.0,OK,2025-07-10,,,
23937,Motor de funçao vibratoria para iPhone XS Max,Manutenção Vibra / Volume / Power,M. iPhone XS Max,"300,00",1.0,1.0,OK,2025-07-10,,,
23941,Câmera Frontal e Sensor para iPhone XS Max,Manutenção Câmera,M. iPhone XS Max,"400,00",3.0,3.0,OK,2025-07-10,,,
23942,Câmera Traseira para iPhone XS Max,Manutenção Câmera,M. iPhone XS Max,"600,00",1.0,1.0,OK,2025-07-10,,,
23944,Tampa de vidro com lente traseira para iPhone XS Max - Branco,Manutenção Carcaça/Vidro Traseiro,M. iPhone XS Max,"500,00",2.0,2.0,OK,2025-07-10,,,
23946,Tampa de vidro com lente traseira para iPhone XS Max - Preto,Manutenção Carcaça/Vidro Traseiro,M. iPhone XS Max,"500,00",2.0,2.0,OK,2025-07-10,,,
24117,Tampa de vidro com lente traseira para iPhone XS Max - Dourado,Manutenção Carcaça/Vidro Traseiro,M. iPhone XS Max,"500,00",2.0,2.0,OK,2025-07-10,,,
24590,Flex de Conector de Carga para iPhone XS Max Cinza,Manutenção Conector,M. iPhone XS Max,"500,00",1.0,1.0,OK,2025-07-10,,,
25370,Flex Sensor / Alto falante - iPhone XS Max,Manutenção Flex do Sensor,M. iPhone XS Max,"500,00",1.0,1.0,OK,2025-07-10,,,
26945,Bateria de iPhone XS Max - Sem Flex,Manutenção Bateria,M. iPhone XS Max,"790,00",2.0,2.0,OK,2025-07-10,,,
23268,Flex Power - iPhone XS,Manutenção Vibra / Volume / Power,M. iPhone XS,"0,00",1.0,1.0,OK,2025-07-10,,,
23284,Bateria de iPhone XS,Manutenção Bateria,M. iPhone XS,"600,00",2.0,2.0,OK,2025-07-10,,,
23590,Vidro e touchscreen com LCD iPhone XS - Preto,Manutenção LCD/ Touch,M. iPhone XS,"1.200,00",3.0,3.0,OK,2025-07-10,,,
23947,Antena Wi-Fi para iPhone XS,Manutenção Wi-Fi,M. iPhone XS,"400,00",3.0,3.0,OK,2025-07-10,,,
23951,Flex de Conector de Carga para iPhone XS Preto,Manutenção Conector,M. iPhone XS,"400,00",1.0,1.0,OK,2025-07-10,,,
23952,Alto-falante auricular para iPhone XS,Manutenção Alto Falante,M. iPhone XS,"400,00",2.0,2.0,OK,2025-07-10,,,
23955,Câmera Frontal e Sensor para iPhone XS,Manutenção Câmera,M. iPhone XS,"400,00",1.0,1.0,OK,2025-07-10,,,
23956,Câmera Traseira para iPhone XS,Manutenção Câmera,M. iPhone XS,"600,00",1.0,1.0,OK,2025-07-10,,,
24899,Flex sensor/ alto falante - iPhone XS,Manutenção Flex do Sensor,M. iPhone XS,"400,00",1.0,1.0,OK,2025-07-10,,,
26944,Bateria de iPhone XS - Sem Flex,Manutenção Bateria,M. iPhone XS,"600,00",3.0,3.0,OK,2025-07-10,,,
23285,Bateria de iPhone XR,Manutenção Bateria,M. iPhone XR,"600,00",2.0,2.0,OK,2025-07-10,,,
23473,Flex sensor/ alto falante - iPhone XR,Manutenção Alto Falante,M. iPhone XR,"0,00",1.0,,DIVERGENTE,2025-07-10,Não encontrou ,Sim,"Codigo consta no estoque , porem a peça fisica esta em falta "
23989,Flex power / volume / vibra / microfone / flash - iPhone XR,Manutenção Vibra / Volume / Power,M. iPhone XR,"400,00",2.0,2.0,OK,2025-07-10,,,
23990,Tampa de vidro com lente traseira para iPhone XR Preto,Manutenção Carcaça/Vidro Traseiro,M. iPhone XR,"600,00",1.0,1.0,OK,2025-07-10,,,
23991,Alto-falante auricular para iPhone XR,Manutenção Alto Falante,M. iPhone XR,"400,00",5.0,5.0,OK,2025-07-10,,,
23994,Tampa de vidro com lente traseira para iPhone XR Branco,Manutenção Carcaça/Vidro Traseiro,M. iPhone XR,"600,00",1.0,1.0,OK,2025-07-10,,,
23995,Câmera Traseira para iPhone XR,Manutenção Câmera,M. iPhone XR,"500,00",1.0,1.0,OK,2025-07-10,,,
23997,Câmera Frontal e Sensor para iPhone XR,Manutenção Câmera,M. iPhone XR,"400,00",1.0,1.0,OK,2025-07-10,,,
24110,Vidro e touchscreen com LCD iPhone XR - Preto,Manutenção LCD/ Touch,M. iPhone XR,"1.000,00",2.0,2.0,OK,2025-07-10,,,
24123,Tampa de vidro com lente traseira para iPhone XR - Vermelho,Manutenção Carcaça/Vidro Traseiro,M. iPhone XR,"600,00",1.0,1.0,OK,2025-07-10,,,
24140,Flex conector de carga para iPhone XR Branco,Manutenção Conector,M. iPhone XR,"500,00",2.0,2.0,OK,2025-07-10,,,
24344,Conector de carga para iPhone XR Preto,Manutenção Conector,M. iPhone XR,"500,00",2.0,2.0,OK,2025-07-10,,,
25104,Lente de Vidro da Câmera iPhone XR - Avulsa,Manutenção Câmera,M. iPhone XR,"250,00",2.0,2.0,OK,2025-07-10,,,
21905,Câmera Traseira - iPhone X,Manutenção Câmera,M. iPhone X,"500,00",2.0,2.0,OK,2025-07-10,,,
22756,Bateria de iPhone X,Manutenção Bateria,M. iPhone X,"600,00",5.0,4.0,DIVERGENTE,2025-07-10,1 und não encontrada ,Sim,indentifiquei que o codigo - 10411811 não estava no fisico 
23915,Vidro e touchscreen com LCD iPhone X - Preto,Manutenção LCD/ Touch,M. iPhone X,"1.000,00",1.0,1.0,OK,2025-07-10,,,
23960,Flex da função power para iPhone X,Manutenção Vibra / Volume / Power,M. iPhone X,"400,00",2.0,2.0,OK,2025-07-10,,,
23965,Flex de Conector de Carga para iPhone X Cinza,Manutenção Conector,M. iPhone X,"400,00",3.0,3.0,OK,2025-07-10,,,
23967,Flex de Conector de Carga para iPhone X Preto,Manutenção Conector,M. iPhone X,"400,00",2.0,2.0,OK,2025-07-10,,,
23969,Alto-falante auricular para iPhone X,Manutenção Alto Falante,M. iPhone X,"400,00",2.0,2.0,OK,2025-07-10,,,
23974,Tampa de vidro com lente traseira para iPhone X Branco,Manutenção Carcaça/Vidro Traseiro,M. iPhone X,"500,00",2.0,2.0,OK,2025-07-10,,,
23978,Flex da Câmera Frontal e Sensor para iPhone X,Manutenção Câmera,M. iPhone X,"500,00",2.0,1.0,DIVERGENTE,2025-07-10,Não encontrou ,Sim,Removi o codigo que não estava no fisico
23982,Tampa de vidro com lente traseira para iPhone X Preto,Manutenção Carcaça/Vidro Traseiro,M. iPhone X,"500,00",1.0,1.0,OK,2025-07-10,,,
24002,Aro com carcaça metalica para iPhone X Preto,Manutenção Carcaça/Vidro Traseiro,M. iPhone X,"700,00",1.0,1.0,OK,2025-07-10,,,
24004,Aro com carcaça metalica para iPhone X Branco,Manutenção Carcaça/Vidro Traseiro,M. iPhone X,"700,00",1.0,1.0,OK,2025-07-10,,,
24438,Lente de vidro da Câmera Traseira para iPhone X - Preta,Manutenção Câmera,M. iPhone X,"200,00",2.0,2.0,OK,2025-07-10,,,
25378,Flex sensor / Alto falante - iPhone X,Manutenção Flex do Sensor,M. iPhone X,"500,00",1.0,1.0,OK,2025-07-10,,,
26326,Vidro e touchscreen com LCD iPhone SE 3 - Preto,Manutenção LCD/ Touch,M. iPhone SE 3,"700,00",1.0,1.0,OK,2025-07-10,,,
25259,Tampa Traseira iPhone SE 2 - Branco,Manutenção Carcaça/Vidro Traseiro,M. iPhone SE 2,"300,00",1.0,1.0,OK,2025-07-10,,,
25260,Tampa Traseira iPhone SE 2 - Preto,Manutenção Carcaça/Vidro Traseiro,M. iPhone SE 2,"300,00",1.0,1.0,OK,2025-07-10,,,
21227,Câmera Traseira - iPhone SE,Manutenção Câmera,M. iPhone SE,"200,00",2.0,2.0,OK,2025-07-10,,,
21286,Bateria de iPhone 5SE,Manutenção Bateria,M. iPhone SE,"150,00",3.0,3.0,OK,2025-07-10,,,
24101,Vidro e touchscreen com LCD iPhone SE - Branco ,Manutenção LCD/ Touch,M. iPhone SE,"400,00",1.0,1.0,OK,2025-07-10,,,
24102,Vidro e touchscreen com LCD iPhone SE - Preto ,Manutenção LCD/ Touch,M. iPhone SE,"400,00",3.0,3.0,OK,2025-07-10,,,
24136,Flex do conector de carga para iPhone SE - Branco,Manutenção Conector,M. iPhone SE,"200,00",2.0,2.0,OK,2025-07-10,,,
24137,Flex do conector de carga para iPhone SE - Preto,Manutenção Conector,M. iPhone SE,"200,00",2.0,2.0,OK,2025-07-10,,,
21583,Tampa Traseira iPhone 8 Plus - Branco,Manutenção Carcaça/Vidro Traseiro,M. iPhone 8 Plus,"300,00",1.0,1.0,OK,2025-07-10,,,
21698,Bateria de iPhone 8 Plus,Manutenção Bateria,M. iPhone 8 Plus,"400,00",3.0,3.0,OK,2025-07-10,,,
21913,Speaker - iPhone 8 Plus,Manutenção Speaker,M. iPhone 8 Plus,"300,00",2.0,2.0,OK,2025-07-10,,,
21915,Flex Power/Volume - iPhone 8 Plus,Manutenção Vibra / Volume / Power,M. iPhone 8 Plus,"400,00",2.0,2.0,OK,2025-07-10,,,
23977,Tampa de vidro com lente traseira para iPhone 8 Plus Vermelho,Manutenção Carcaça/Vidro Traseiro,M. iPhone 8 Plus,"300,00",2.0,2.0,OK,2025-07-10,,,
23981,Câmera Traseira para iPhone 8 Plus,Manutenção Câmera,M. iPhone 8 Plus,"400,00",3.0,3.0,OK,2025-07-10,,,
23985,Flex de Conector de Carga para iPhone 8 Plus Branco,Manutenção Conector,M. iPhone 8 Plus,"300,00",2.0,2.0,OK,2025-07-10,,,
23988,Flex de Conector de Carga para iPhone 8 Plus Preto,Manutenção Conector,M. iPhone 8 Plus,"300,00",2.0,2.0,OK,2025-07-10,,,
24026,Aro com carcaça metalica para iPhone 8 Plus Branco,Manutenção Carcaça/Vidro Traseiro,M. iPhone 8 Plus,"500,00",1.0,1.0,OK,2025-07-10,,,
24028,Aro com carcaça metalica para iPhone 8 Plus Dourado,Manutenção Carcaça/Vidro Traseiro,M. iPhone 8 Plus,"500,00",1.0,1.0,OK,2025-07-10,,,
24108,Vidro e touchscreen com LCD iPhone 8 Plus - Branco,Manutenção LCD/ Touch,M. iPhone 8 Plus,"650,00",2.0,3.0,DIVERGENTE,2025-07-10, 1 und avulso - gerar codigo ,Sim,gerei um novo codigo 
24109,Vidro e touchscreen com LCD iPhone 8 Plus - Preto,Manutenção LCD/ Touch,M. iPhone 8 Plus,"650,00",3.0,3.0,OK,2025-07-10,,,
24121,Câmera Frontal e Sensor para iPhone 8 Plus,Manutenção Câmera,M. iPhone 8 Plus,"400,00",1.0,1.0,OK,2025-07-10,,,
24122,Motor de função vibratória para iPhone 8 Plus,Manutenção Vibra / Volume / Power,M. iPhone 8 Plus,"300,00",3.0,3.0,OK,2025-07-10,,,
24432,Tampa de vidro com lente traseira para iPhone 8 Plus - Preta,Manutenção Carcaça/Vidro Traseiro,M. iPhone 8 Plus,"300,00",2.0,2.0,OK,2025-07-10,,,
21696,Bateria de iPhone 8,Manutenção Bateria,M. iPhone 8,"400,00",3.0,3.0,OK,2025-07-10,,,
21920,Speaker - iPhone 8/SE 2,Manutenção Speaker,M. iPhone 8,"300,00",2.0,2.0,OK,2025-07-10,,,
21921,Alto-Falante iPhone 8/SE 2,Manutenção Alto Falante,M. iPhone 8,"300,00",2.0,2.0,OK,2025-07-10,,,
21923,Flex Power/Volume - iPhone 8/SE 2,Manutenção Vibra / Volume / Power,M. iPhone 8,"300,00",2.0,2.0,OK,2025-07-10,,,
22859,Lente de Vidro da Câmera iPhone 8 - Dourado,Manutenção Câmera,M. iPhone 8,"100,00",1.0,1.0,OK,2025-07-10,,,
23910,Vidro e touchscreen com LCD iPhone 8 - Branco,Manutenção LCD/ Touch,M. iPhone 8,"500,00",2.0,2.0,OK,2025-07-10,,,
23961,Tampa de vidro com lente traseira para iPhone 8 Branco,Manutenção Carcaça/Vidro Traseiro,M. iPhone 8,"300,00",3.0,3.0,OK,2025-07-10,,,
23966,Tampa de vidro com lente traseira para iPhone 8 Dourado,Manutenção Carcaça/Vidro Traseiro,M. iPhone 8,"300,00",1.0,1.0,OK,2025-07-10,,,
23972,Câmera Frontal e Sensor para iPhone 8/SE 2,Manutenção Câmera,M. iPhone 8,"400,00",2.0,2.0,OK,2025-07-10,,,
23976,Conector de Carga para iPhone 8 Branco,Manutenção Conector,M. iPhone 8,"300,00",3.0,3.0,OK,2025-07-10,,,
24014,Aro com carcaça metalica para iPhone 8 Branco,Manutenção Carcaça/Vidro Traseiro,M. iPhone 8,"400,00",1.0,1.0,OK,2025-07-10,,,
24016,Aro com carcaça metalica para iPhone 8 Preto,Manutenção Carcaça/Vidro Traseiro,M. iPhone 8,"400,00",1.0,1.0,OK,2025-07-10,,,
24401,Vidro e touchscreen com LCD iPhone 8/SE 2 - Preto,Manutenção LCD/ Touch,M. iPhone 8,"600,00",1.0,1.0,OK,2025-07-10,,,
24428,Tampa de vidro com lente traseira para iPhone 8 - Preta,Manutenção Carcaça/Vidro Traseiro,M. iPhone 8,"300,00",1.0,1.0,OK,2025-07-10,,,
24690,Conector de Carga para iPhone 8 Preto,Manutenção Conector,M. iPhone 8,"300,00",1.0,1.0,OK,2025-07-10,,,
21290,Flex Power/Volume - iPhone 7 Plus,Manutenção Vibra / Volume / Power,M. iPhone 7 Plus,"300,00",3.0,3.0,OK,2025-07-10,,,
21296,Bateria de iPhone 7 Plus,Manutenção Bateria,M. iPhone 7 Plus,"350,00",3.0,3.0,OK,2025-07-10,,,
21316,Speaker - iPhone 7 Plus,Manutenção Speaker,M. iPhone 7 Plus,"250,00",1.0,1.0,OK,2025-07-10,,,
21317,Alto-Falante iPhone 7 Plus,Manutenção Alto Falante,M. iPhone 7 Plus,"250,00",1.0,1.0,OK,2025-07-10,,,
21467,Carcaça iPhone 7 Plus - Prata,Manutenção Carcaça/Vidro Traseiro,M. iPhone 7 Plus,"350,00",1.0,1.0,OK,2025-07-10,,,
21601,Carcaça iPhone 7 Plus - Preto Fosco,Manutenção Carcaça/Vidro Traseiro,M. iPhone 7 Plus,"350,00",1.0,1.0,OK,2025-07-10,,,
22191,Antena Wi-Fi iPhone 7 Plus,Manutenção Wi-Fi,M. iPhone 7 Plus,"250,00",2.0,2.0,OK,2025-07-10,,,
23083,Motor do Vibra - iPhone 7 Plus,Manutenção Vibra / Volume / Power,M. iPhone 7 Plus,"300,00",2.0,2.0,OK,2025-07-10,,,
23897,Vidro e touchscreen com LCD iPhone 7 Plus - Preto,Manutenção LCD/ Touch,M. iPhone 7 Plus,"550,00",2.0,2.0,OK,2025-07-10,,,
23906,Vidro e touchscreen com LCD iPhone 7 Plus - Branco,Manutenção LCD/ Touch,M. iPhone 7 Plus,"550,00",2.0,2.0,OK,2025-07-10,,,
23938,Câmera Traseira para iPhone 7 Plus,Manutenção Câmera,M. iPhone 7 Plus,"350,00",1.0,1.0,OK,2025-07-10,,,
23940,Câmera Frontal e Sensor para iPhone 7 Plus,Manutenção Câmera,M. iPhone 7 Plus,"350,00",3.0,2.0,DIVERGENTE,2025-07-10,falta 1 und ,Sim,Removi o codigo que não estava no fisico
23943,Flex de Conector de Carga para iPhone 7 Plus Branco,Manutenção Conector,M. iPhone 7 Plus,"300,00",2.0,2.0,OK,2025-07-10,,,
23945,Flex de Conector de Carga para iPhone 7 Plus Preto,Manutenção Conector,M. iPhone 7 Plus,"300,00",2.0,2.0,OK,2025-07-10,,,
24426,Lente de vidro da Câmera Traseira para iPhone 7 Plus - Preta,Manutenção Câmera,M. iPhone 7 Plus,"100,00",1.0,1.0,OK,2025-07-10,,,
21149,Alto-Falante iPhone 7,Manutenção Alto Falante,M. iPhone 7,"250,00",3.0,3.0,OK,2025-07-10,,,
21267,Flex Power/Volume - iPhone 7,Manutenção Vibra / Volume / Power,M. iPhone 7,"300,00",3.0,3.0,OK,2025-07-10,,,
21289,Speaker - iPhone 7,Manutenção Speaker,M. iPhone 7,"200,00",2.0,2.0,OK,2025-07-10,,,
21295,Bateria de iPhone 7,Manutenção Bateria,M. iPhone 7,"350,00",3.0,3.0,OK,2025-07-10,,,
21462,Carcaça iPhone 7 - Dourada,Manutenção Carcaça/Vidro Traseiro,M. iPhone 7,"300,00",2.0,2.0,OK,2025-07-10,,,
21682,Carcaça iPhone 7 - Preta,Manutenção Carcaça/Vidro Traseiro,M. iPhone 7,"300,00",1.0,1.0,OK,2025-07-10,,,
23189,Motor do Vibra - iPhone 7,Manutenção Vibra / Volume / Power,M. iPhone 7,"150,00",1.0,1.0,OK,2025-07-10,,,
23907,Câmera Traseira para iPhone 7,Manutenção Câmera,M. iPhone 7,"350,00",1.0,1.0,OK,2025-07-10,,,
23909,Câmera frontal e Sensor para iPhone 7,Manutenção Câmera,M. iPhone 7,"350,00",3.0,3.0,OK,2025-07-10,,,
23913,Conector de Carga para iPhone 7 Branco,Manutenção Conector,M. iPhone 7,"300,00",2.0,1.0,DIVERGENTE,2025-07-10,falta 1 und ,Sim,Removi o codigo que não estava no fisico
23936,Conector de Carga para iPhone 7 Preto,Manutenção Conector,M. iPhone 7,"300,00",2.0,2.0,OK,2025-07-10,,,
24106,Vidro Touchscreen com LCD para iPhone 7 - Preto,Manutenção LCD/ Touch,M. iPhone 7,"350,00",4.0,4.0,OK,2025-07-10,,,
24107,Vidro e touchscreen com LCD iPhone 7 - Branco,Manutenção LCD/ Touch,M. iPhone 7,"350,00",2.0,2.0,OK,2025-07-10,,,
24421,Antena Wi-fi para iPhone 7,Manutenção Wi-Fi,M. iPhone 7,"0,00",2.0,2.0,OK,2025-07-10,,,
8157,Bateria de iPhone 6S Plus,Manutenção Bateria,M. iPhone 6S Plus,"300,00",1.0,1.0,OK,2025-07-10,,,
20718,Câmera Frontal e Sensor de Proximidade - iPhone 6S Plus,Manutenção Câmera,M. iPhone 6S Plus,"0,00",4.0,3.0,DIVERGENTE,2025-07-10,falta 1 und - provavel de divergencia por troca de codigo do antigo-novo,Sim,Removi o codigo que não estava no fisico
20719,Flex Home iPhone 6S Plus - Preto,Manutenção Flex do Home,M. iPhone 6S Plus,"200,00",2.0,2.0,OK,2025-07-10,,,
20720,Flex Home iPhone 6S Plus - Prata,Manutenção Flex do Home,M. iPhone 6S Plus,"200,00",1.0,1.0,OK,2025-07-10,,,
20721,Flex Home iPhone 6S Plus - Dourado,Manutenção Flex do Home,M. iPhone 6S Plus,"200,00",2.0,2.0,OK,2025-07-10,,,
20722,Flex Power - iPhone 6S Plus,Manutenção Vibra / Volume / Power,M. iPhone 6S Plus,"200,00",2.0,2.0,OK,2025-07-10,,,
20723,Speaker - iPhone 6S Plus,Manutenção Speaker,M. iPhone 6S Plus,"200,00",3.0,3.0,OK,2025-07-10,,,
20755,Flex Volume e Vibra - iPhone 6S Plus,Manutenção Vibra / Volume / Power,M. iPhone 6S Plus,"200,00",1.0,1.0,OK,2025-07-10,,,
21300,Flex Home iPhone 6S Plus - Rosê,Manutenção Flex do Home,M. iPhone 6S Plus,"200,00",2.0,2.0,OK,2025-07-10,,,
21309,Carcaça iPhone 6S Plus - Prata,Manutenção Carcaça/Vidro Traseiro,M. iPhone 6S Plus,"300,00",1.0,1.0,OK,2025-07-10,,,
21311,Carcaça iPhone 6S Plus - Dourada,Manutenção Carcaça/Vidro Traseiro,M. iPhone 6S Plus,"300,00",2.0,2.0,OK,2025-07-10,,,
21315,Antena Wi-Fi - iPhone 6S Plus,Manutenção Wi-Fi,M. iPhone 6S Plus,"200,00",3.0,3.0,OK,2025-07-10,,,
21383,Alto-Falante iPhone 6S Plus,Manutenção Alto Falante,M. iPhone 6S Plus,"200,00",1.0,1.0,OK,2025-07-10,,,
22595,Motor do Vibra - iPhone 6S Plus,Manutenção Vibra / Volume / Power,M. iPhone 6S Plus,"200,00",1.0,1.0,OK,2025-07-10,,,
23895,Vidro e touchscreen com LCD iPhone 6S Plus - Branco,Manutenção LCD/ Touch,M. iPhone 6S Plus,"300,00",3.0,3.0,OK,2025-07-10,,,
23904,Câmera Traseira para iPhone 6S Plus,Manutenção Câmera,M. iPhone 6S Plus,"200,00",2.0,2.0,OK,2025-07-10,,,
23905,Câmera Frontal e Sensor para iPhone 6S Plus,Manutenção Câmera,M. iPhone 6S Plus,"200,00",3.0,3.0,OK,2025-07-10,,,
24324,Vidro e touchscreen com LCD iPhone 6S Plus - Preto,Manutenção LCD/ Touch,M. iPhone 6S Plus,"300,00",7.0,7.0,OK,2025-07-10,,,
24588,Flex de conector de carga para iPhone 6S Plus - Branco,Manutenção Conector,M. iPhone 6S Plus,"200,00",3.0,3.0,OK,2025-07-10,,,
24589,Flex de conector de carga para iPhone 6S Plus - Cinza,Manutenção Conector,M. iPhone 6S Plus,"200,00",3.0,3.0,OK,2025-07-10,,,
4380,Bateria de iPhone 6S,Manutenção Bateria,M. iPhone 6S,"200,00",3.0,3.0,OK,2025-07-10,,,
5702,Carcaça iPhone 6S - Prata,Manutenção Carcaça/Vidro Traseiro,M. iPhone 6S,"200,00",1.0,1.0,OK,2025-07-10,,,
5704,Carcaça iPhone 6S - Cinza Espacial,Manutenção Carcaça/Vidro Traseiro,M. iPhone 6S,"200,00",1.0,1.0,OK,2025-07-10,,,
5705,Carcaça iPhone 6S - Rose Gold,Manutenção Carcaça/Vidro Traseiro,M. iPhone 6S,"200,00",2.0,2.0,OK,2025-07-10,,,
8144,Flex Home iPhone 6S - Preto,Manutenção Flex do Home,M. iPhone 6S,"200,00",2.0,2.0,OK,2025-07-10,,,
8153,Speaker - iPhone 6S,Manutenção Speaker,M. iPhone 6S,"200,00",2.0,2.0,OK,2025-07-10,,,
8154,Flex Power/Volume/Vibra - iPhone 6S,Manutenção Vibra / Volume / Power,M. iPhone 6S,"200,00",1.0,1.0,OK,2025-07-10,,,
8155,Conector de carga iPhone 6S - Branco,Manutenção Conector,M. iPhone 6S,"0,00",2.0,0.0,DIVERGENTE,2025-07-10,não encontrou ,Sim,Removi o codigo que não estava no fisico
8158,Câmera Traseira - iPhone 6S,Manutenção Câmera,M. iPhone 6S,"0,00",3.0,2.0,DIVERGENTE,2025-07-10,falta 1 und ,Sim,Removi o codigo que não estava no fisico
8159,Câmera Frontal e Sensor de Proximidade - iPhone 6S,Manutenção Câmera,M. iPhone 6S,"0,00",1.0,1.0,OK,2025-07-10,,,
21299,Flex Home iPhone 6S - Dourado,Manutenção Flex do Home,M. iPhone 6S,"200,00",2.0,2.0,OK,2025-07-10,,,
21314,Antena Wi-Fi - iPhone 6S,Manutenção Wi-Fi,M. iPhone 6S,"200,00",2.0,2.0,OK,2025-07-10,,,
23893,Vidro e touchscreen com LCD iPhone 6S - Branco,Manutenção LCD/ Touch,M. iPhone 6S,"350,00",2.0,2.0,OK,2025-07-10,,,
24032,Câmera Traseira para iPhone 6S,Manutenção Câmera,M. iPhone 6S,"200,00",2.0,2.0,OK,2025-07-10,,,
24033,Câmera Frontal e Sensor para iPhone 6S,Manutenção Câmera,M. iPhone 6S,"200,00",3.0,3.0,OK,2025-07-10,,,
24105,Vidro e touchscreen com LCD iPhone 6S - Preto,Manutenção LCD/ Touch,M. iPhone 6S,"350,00",3.0,3.0,OK,2025-07-10,,,
24118,Flex de Conector de Carga para iPhone 6S - Branco,Manutenção Conector,M. iPhone 6S,"200,00",4.0,4.0,OK,2025-07-10,,,
24417,Flex de Conector de Carga para iPhone 6S - Cinza Escuro,Manutenção Conector,M. iPhone 6S,"200,00",1.0,1.0,OK,2025-07-10,,,
4348,Flex Volume e Vibra - iPhone 6 Plus,Manutenção Vibra / Volume / Power,M. iPhone 6 Plus,"180,00",1.0,1.0,OK,2025-07-10,,,
4349,Flex Power - iPhone 6 Plus,Manutenção Vibra / Volume / Power,M. iPhone 6 Plus,"180,00",3.0,3.0,OK,2025-07-10,,,
4352,Motor do Vibra - iPhone 6 Plus,Manutenção Vibra / Volume / Power,M. iPhone 6 Plus,"180,00",2.0,2.0,OK,2025-07-10,,,
4353,Alto-Falante iPhone 6 Plus,Manutenção Alto Falante,M. iPhone 6 Plus,"180,00",1.0,1.0,OK,2025-07-10,,,
4355,Flex Home iPhone 6 Plus - Prata,Manutenção Flex do Home,M. iPhone 6 Plus,"180,00",3.0,3.0,OK,2025-07-10,,,
4356,Flex Home iPhone 6 Plus - Dourado,Manutenção Flex do Home,M. iPhone 6 Plus,"180,00",1.0,1.0,OK,2025-07-10,,,
4357,Conector de Carga iPhone 6 Plus - Branco,Manutenção Conector,M. iPhone 6 Plus,"0,00",8.0,3.0,DIVERGENTE,2025-07-10,total de 9 conectores sendo 3 brancos e 6 cinzas - fazer a alteração ,não,
4358,Conector de Carga iPhone 6 Plus - Cinza Claro,Manutenção Conector,M. iPhone 6 Plus,"180,00",3.0,6.0,DIVERGENTE,2025-07-10,total de 9 conectores sendo 3 brancos e 6 cinzas - fazer a alteração ,não,
4728,Bateria de iPhone 6 Plus,Manutenção Bateria,M. iPhone 6 Plus,"180,00",2.0,2.0,OK,2025-07-10,,,
4981,Speaker - iPhone 6 Plus,Manutenção Speaker,M. iPhone 6 Plus,"180,00",1.0,1.0,OK,2025-07-10,,,
5049,Carcaça iPhone 6 Plus - Cinza Espacial,Manutenção Carcaça/Vidro Traseiro,M. iPhone 6 Plus,"250,00",1.0,1.0,OK,2025-07-10,,,
8520,Carcaça iPhone 6 Plus - Dourada,Manutenção Carcaça/Vidro Traseiro,M. iPhone 6 Plus,"250,00",1.0,1.0,OK,2025-07-10,,,
8521,Carcaça iPhone 6 Plus - Prata,Manutenção Carcaça/Vidro Traseiro,M. iPhone 6 Plus,"250,00",1.0,1.0,OK,2025-07-10,,,
21069,Antena Wi-Fi - iPhone 6 Plus,Manutenção Wi-Fi,M. iPhone 6 Plus,"180,00",3.0,3.0,OK,2025-07-10,,,
24025,Câmera Traseira para iPhone 6 Plus,Manutenção Câmera,M. iPhone 6 Plus,"180,00",3.0,3.0,OK,2025-07-10,,,
24027,Câmera Frontal e Sensor para iPhone 6 Plus,Manutenção Câmera,M. iPhone 6 Plus,"180,00",3.0,3.0,OK,2025-07-10,,,
24029,Flex de Conector de Carga para iPhone 6 Plus Cinza Escuro,Manutenção Conector,M. iPhone 6 Plus,"180,00",3.0,3.0,OK,2025-07-10,,,
24031,Flex de Conector de Carga para iPhone 6 Plus Branco,Manutenção Conector,M. iPhone 6 Plus,"180,00",3.0,3.0,OK,2025-07-10,,,
24325,Vidro e touchscreen com LCD iPhone 6 Plus - Preto,Manutenção LCD/ Touch,M. iPhone 6 Plus,"300,00",2.0,0.0,DIVERGENTE,2025-07-10,não achou ,Sim,"Codigo consta no estoque , porem a peça fisica esta em falta "
24326,Vidro e touchscreen com LCD iPhone 6 Plus - Branco,Manutenção LCD/ Touch,M. iPhone 6 Plus,"300,00",2.0,2.0,OK,2025-07-10,,,
4362,Flex Volume e Vibra - iPhone 6,Manutenção Vibra / Volume / Power,M. iPhone 6,"180,00",1.0,1.0,OK,2025-07-10,,,
4363,Flex Power - iPhone 6,Manutenção Vibra / Volume / Power,M. iPhone 6,"180,00",3.0,3.0,OK,2025-07-10,,,
4365,Câmera Traseira - iPhone 6,Manutenção Câmera,M. iPhone 6,"180,00",3.0,3.0,OK,2025-07-10,,,
4366,Motor do Vibra - iPhone 6,Manutenção Vibra / Volume / Power,M. iPhone 6,"180,00",3.0,3.0,OK,2025-07-10,,,
4367,Speaker - iPhone 6,Manutenção Speaker,M. iPhone 6,"180,00",3.0,3.0,OK,2025-07-10,,,
4368,Flex Home iPhone 6 - Preto,Manutenção Flex do Home,M. iPhone 6,"100,00",1.0,1.0,OK,2025-07-10,,,
4456,Flex Home iPhone 6 - Prata,Manutenção Flex do Home,M. iPhone 6,"100,00",3.0,3.0,OK,2025-07-10,,,
4457,Flex Home iPhone 6 - Dourado,Manutenção Flex do Home,M. iPhone 6,"100,00",1.0,1.0,OK,2025-07-10,,,
4497,Bateria de iPhone 6,Manutenção Bateria,M. iPhone 6,"180,00",2.0,2.0,OK,2025-07-10,,,
4658,Alto-Falante iPhone 6,Manutenção Alto Falante,M. iPhone 6,"180,00",2.0,2.0,OK,2025-07-10,,,
4725,Carcaça iPhone 6 - Prata,Manutenção Carcaça/Vidro Traseiro,M. iPhone 6,"180,00",2.0,2.0,OK,2025-07-10,,,
4726,Carcaça iPhone 6 - Cinza Espacial,Manutenção Carcaça/Vidro Traseiro,M. iPhone 6,"180,00",1.0,1.0,OK,2025-07-10,,,
20737,Antena Wi-Fi - iPhone 6,Manutenção Wi-Fi,M. iPhone 6,"180,00",1.0,1.0,OK,2025-07-10,,,
24103,Vidro e touchscreen com LCD iPhone 6 - Preto,Manutenção LCD/ Touch,M. iPhone 6,"250,00",2.0,2.0,OK,2025-07-10,,,
24104,Vidro e touchscreen com LCD iPhone 6 - Branco,Manutenção LCD/ Touch,M. iPhone 6,"250,00",2.0,2.0,OK,2025-07-10,,,
24413,Câmera Frontal e Sensor para iPhone 6,Manutenção Câmera,M. iPhone 6,"180,00",2.0,2.0,OK,2025-07-10,,,
24415,Flex de Conector de Carga para iPhone 6 - Branco,Manutenção Conector,M. iPhone 6,"180,00",2.0,2.0,OK,2025-07-10,,,
24416,Flex de Conector de Carga para iPhone 6 - Cinza Claro,Manutenção Conector,M. iPhone 6,"180,00",3.0,3.0,OK,2025-07-10,,,
3751,Alto-Falante iPhone 5S/SE,Manutenção Alto Falante,M. iPhone 5S,"200,00",2.0,2.0,OK,2025-07-10,,,
3882,Flex Power/Volume/Vibra - iPhone 5S,Manutenção Vibra / Volume / Power,M. iPhone 5S,"200,00",1.0,2.0,DIVERGENTE,2025-07-10, 1 und avulso - gerar codigo ,Sim,gerei um novo codigo 
3969,Speaker - iPhone 5S/SE,Manutenção Speaker,M. iPhone 5S,"150,00",2.0,2.0,OK,2025-07-10,,,
4312,Carcaça iPhone 5S - Cinza Espacial,Manutenção Carcaça/Vidro Traseiro,M. iPhone 5S,"200,00",2.0,2.0,OK,2025-07-10,,,
4395,Motor do Vibra - iPhone 5S/SE,Manutenção Vibra / Volume / Power,M. iPhone 5S,"200,00",2.0,2.0,OK,2025-07-10,,,
23987,Câmera Frontal e Sensor para iPhone 5S/SE,Manutenção Câmera,M. iPhone 5S,"200,00",1.0,1.0,OK,2025-07-10,,,
24586,Flex de conector de carga para iPhone 5S - Preto,Manutenção Conector,M. iPhone 5S,"200,00",2.0,2.0,OK,2025-07-10,,,
24587,Flex de conector de carga para iPhone 5S - Branco,Manutenção Conector,M. iPhone 5S,"200,00",4.0,4.0,OK,2025-07-10,,,
2197,Flex Home - iPhone 5,Manutenção Flex do Home,M. iPhone 5,"100,00",2.0,2.0,OK,2025-07-10,,,
2207,Motor do Vibra - iPhone 5,Manutenção Vibra / Volume / Power,M. iPhone 5,"150,00",1.0,0.0,DIVERGENTE,2025-07-10,falta 1 und ,Sim,"Codigo consta no estoque , porem a peça fisica esta em falta "
2725,Bateria de iPhone 5,Manutenção Bateria,M. iPhone 5,"150,00",1.0,1.0,OK,2025-07-10,,,
1644,Flex Power e Sensor de Proximidade - iPhone 4S,Manutenção Vibra / Volume / Power,M. iPhone 4S,"80,00",1.0,0.0,DIVERGENTE,2025-07-10,falta 1 und ,Sim,"Codigo consta no estoque , porem a peça fisica esta em falta "
313,Flex Volume/P2 - iPhone 4,Manutenção Flex do Fone,M. iPhone 4,"80,00",4.0,0.0,DIVERGENTE,2025-07-10,falta 4 und,Sim,"Codigo consta no estoque , porem a peça fisica esta em falta "
27785,Tampa traseira de vidro para iPhone 16 Pro Max - Titânio Natural,Manutenção Carcaça/Vidro Traseiro,M. iPhone 16 Pro Max,"2.500,00",2.0,2.0,OK,2025-07-10,,,
27803,Conector de Carga iPhone 16 Pro Max - Titânio Preto,Manutenção Conector,M. iPhone 16 Pro Max,"0,00",1.0,1.0,OK,2025-07-10,,,
27836,Flex Power iPhone 16 Pro Max,Manutenção Vibra / Volume / Power,M. iPhone 16 Pro Max,"0,00",1.0,1.0,OK,2025-07-10,,,
27960,Flex de Indução / Flash iPhone 16 Pro Max,Manutenção Vibra / Volume / Power,M. iPhone 16 Pro Max,"0,00",1.0,1.0,OK,2025-07-10,,,
27799,Conector de Carga iPhone 16 Pro - Titânio Preto,Manutenção Conector,M. iPhone 16 Pro,"0,00",1.0,1.0,OK,2025-07-10,,,
27800,Conector de Carga iPhone 16 Pro - Titânio Branco,Manutenção Conector,M. iPhone 16 Pro,"0,00",1.0,1.0,OK,2025-07-10,,,
27809,Câmera traseira do iPhone 16 Pro,Manutenção Câmera,M. iPhone 16 Pro,"0,00",1.0,1.0,OK,2025-07-10,,,
27835,Flex Power iPhone 16 Pro,Manutenção Vibra / Volume / Power,M. iPhone 16 Pro,"0,00",1.0,1.0,OK,2025-07-10,,,
27954,Flex WI-FI - iPhone 16 Pro,Manutenção Wi-Fi,M. iPhone 16 Pro,"500,00",1.0,1.0,OK,2025-07-10,,,
27789,Conector de Carga iPhone 16 - Preto,Manutenção Conector,M. iPhone 16,"0,00",1.0,1.0,OK,2025-07-10,,,
27790,Conector de Carga iPhone 16 - Branco,Manutenção Conector,M. iPhone 16,"0,00",1.0,1.0,OK,2025-07-10,,,
27815,Lente de Câmera iPhone 16 - P,Manutenção Câmera,M. iPhone 16,"0,00",1.0,1.0,OK,2025-07-10,,,
27833,Flex Power iPhone 16,Manutenção Vibra / Volume / Power,M. iPhone 16,"0,00",1.0,1.0,OK,2025-07-10,,,
27950,Lente de Câmera iPhone 16  - G,Manutenção Câmera,M. iPhone 16,"600,00",1.0,1.0,OK,2025-07-10,,,
27952,Flex  WI-FI - iPhone 16,Manutenção Wi-Fi,M. iPhone 16,"500,00",1.0,1.0,OK,2025-07-10,,,
27957,Flex de Indução / Flash iPhone 16,Manutenção Vibra / Volume / Power,M. iPhone 16,"0,00",1.0,1.0,OK,2025-07-10,,,
27069,Tampa traseira de vidro para iPhone 15 Pro Max - Preto,Manutenção Carcaça/Vidro Traseiro,M. iPhone 15 Pro Max,"2.500,00",1.0,1.0,OK,2025-07-10,,,
27070,Tampa traseira de vidro para iPhone 15 Pro Max - Azul,Manutenção Carcaça/Vidro Traseiro,M. iPhone 15 Pro Max,"2.500,00",1.0,1.0,OK,2025-07-10,,,
27071,Tampa traseira de vidro para iPhone 15 Pro Max - Prata,Manutenção Carcaça/Vidro Traseiro,M. iPhone 15 Pro Max,"2.500,00",2.0,2.0,OK,2025-07-10,,,
27072,Tampa traseira de vidro para iPhone 15 Pro Max - Natural,Manutenção Carcaça/Vidro Traseiro,M. iPhone 15 Pro Max,"2.500,00",1.0,1.0,OK,2025-07-10,,,
27112,Lente de Vidro da Câmera para iPhone 15 Pro Max - P,Manutenção Câmera,M. iPhone 15 Pro Max,"600,00",2.0,2.0,OK,2025-07-10,,,
27113,Lente de Vidro da Câmera para iPhone 15 Pro Max - M,Manutenção Câmera,M. iPhone 15 Pro Max,"600,00",2.0,2.0,OK,2025-07-10,,,
27114,Lente de Vidro da Câmera para iPhone 15 Pro Max - G,Manutenção Câmera,M. iPhone 15 Pro Max,"600,00",2.0,2.0,OK,2025-07-10,,,
27283,Aro Metálico para iPhone 15 Pro Max- Preto,Manutenção Carcaça/Vidro Traseiro,M. iPhone 15 Pro Max,"1.800,00",1.0,1.0,OK,2025-07-10,,,
27284,Aro Metálico para iPhone 15 Pro Max- Prata,Manutenção Carcaça/Vidro Traseiro,M. iPhone 15 Pro Max,"1.800,00",1.0,1.0,OK,2025-07-10,,,
27285,Aro Metálico para iPhone 15 Pro Max- Natural,Manutenção Carcaça/Vidro Traseiro,M. iPhone 15 Pro Max,"1.800,00",1.0,1.0,OK,2025-07-10,,,
27498,Bateria de iPhone 15 Pro Max,Manutenção Bateria,M. iPhone 15 Pro Max,"1.500,00",1.0,1.0,OK,2025-07-10,,,
27065,Tampa traseira de vidro para iPhone 15 Pro - Preto,Manutenção Carcaça/Vidro Traseiro,M. iPhone 15 Pro,"2.300,00",1.0,1.0,OK,2025-07-10,,,
27066,Tampa traseira de vidro para iPhone 15 Pro - Azul,Manutenção Carcaça/Vidro Traseiro,M. iPhone 15 Pro,"2.300,00",2.0,2.0,OK,2025-07-10,,,
27251,Aro Metálico para iPhone 15 Pro - Azul,Manutenção Carcaça/Vidro Traseiro,M. iPhone 15 Pro,"1.700,00",1.0,1.0,OK,2025-07-10,,,
27281,Aro Metálico para iPhone 15 Pro - Natural,Manutenção Carcaça/Vidro Traseiro,M. iPhone 15 Pro,"1.700,00",1.0,1.0,OK,2025-07-10,,,
27497,Bateria de iPhone 15 Pro,Manutenção Bateria,M. iPhone 15 Pro,"1.400,00",1.0,1.0,OK,2025-07-10,,,
26845,Vidro e touchscreen com LCD iPhone 15 Plus - Preto,Manutenção LCD/ Touch,M. iPhone 15 Plus,"3.000,00",1.0,1.0,OK,2025-07-10,,,
27496,Bateria de iPhone 15 Plus,Manutenção Bateria,M. iPhone 15 Plus,"1.300,00",1.0,1.0,OK,2025-07-10,,,
26844,Vidro e touchscreen com LCD iPhone 15 - Preto,Manutenção LCD/ Touch,M. iPhone 15,"2.500,00",1.0,1.0,OK,2025-07-10,,,
27058,Tampa traseira de vidro para iPhone 15 - Verde,Manutenção Carcaça/Vidro Traseiro,M. iPhone 15,"2.000,00",1.0,1.0,OK,2025-07-10,,,
27108,Lente de Vidro da Câmera para iPhone 15,Manutenção Câmera,M. iPhone 15,"600,00",2.0,2.0,OK,2025-07-10,,,
27273,Aro Metálico para iPhone 15 - Verde,Manutenção Carcaça/Vidro Traseiro,M. iPhone 15,"1.500,00",1.0,1.0,OK,2025-07-10,,,
27495,Bateria de iPhone 15,Manutenção Bateria,M. iPhone 15,"1.000,00",1.0,1.0,OK,2025-07-10,,,
27937,Vidro e touchscreen com LCD iPhone 15 (SC) - Preto,Manutenção LCD/ Touch,M. iPhone 15,"2.500,00",1.0,1.0,OK,2025-07-10,,,
26185,Vidro e touchscreen com LCD iPhone 14 Pro Max - Preto,Manutenção LCD/ Touch,M. iPhone 14 Pro Max,"3.100,00",3.0,3.0,OK,2025-07-10,,,
26206,Lente de Vidro da Câmera para iPhone 14 Pro Max - P,Manutenção Câmera,M. iPhone 14 Pro Max,"400,00",4.0,4.0,OK,2025-07-10,,,
26207,Lente de Vidro da Câmera para iPhone 14 Pro Max - M,Manutenção Câmera,M. iPhone 14 Pro Max,"400,00",2.0,2.0,OK,2025-07-10,,,
26208,Lente de Vidro da Câmera para iPhone 14 Pro Max - G,Manutenção Câmera,M. iPhone 14 Pro Max,"400,00",4.0,4.0,OK,2025-07-10,,,
26218,Tampa de vidro para iPhone 14 Pro Max - Preto-espacial,Manutenção Carcaça/Vidro Traseiro,M. iPhone 14 Pro Max,"1.500,00",2.0,2.0,OK,2025-07-10,,,
26219,Tampa de vidro para iPhone 14 Pro Max - Prateado,Manutenção Carcaça/Vidro Traseiro,M. iPhone 14 Pro Max,"1.500,00",1.0,1.0,OK,2025-07-10,,,
26220,Tampa de vidro para iPhone 14 Pro Max - Dourado,Manutenção Carcaça/Vidro Traseiro,M. iPhone 14 Pro Max,"1.500,00",3.0,3.0,OK,2025-07-10,,,
26378,Flex sensor / microfone da câmera do iPhone 14 Pro Max,Manutenção Flex do Sensor,M. iPhone 14 Pro Max,"1.500,00",1.0,1.0,OK,2025-07-10,,,
26387,Alto-falante auricular do iPhone 14 Pro Max,Manutenção Alto Falante,M. iPhone 14 Pro Max,"700,00",1.0,1.0,OK,2025-07-10,,,
26389,Flex flash do iPhone 14 Pro Max,Manutenção Câmera,M. iPhone 14 Pro Max,"1.300,00",1.0,1.0,OK,2025-07-10,,,
26413,Conector de carga do iPhone 14 Pro Max - Dourado,Manutenção Conector,M. iPhone 14 Pro Max,"1.300,00",3.0,3.0,OK,2025-07-10,,,
26414,Conector de carga do iPhone 14 Pro Max - Branco,Manutenção Conector,M. iPhone 14 Pro Max,"1.300,00",1.0,1.0,OK,2025-07-10,,,
26721,Bateria de iPhone 14 Pro Max,Manutenção Bateria,M. iPhone 14 Pro Max,"1.400,00",2.0,2.0,OK,2025-07-10,,,
26957,Bateria de iPhone 14 Pro Max - Sem Flex,Manutenção Bateria,M. iPhone 14 Pro Max,"1.400,00",1.0,1.0,OK,2025-07-10,,,
27097,Vidro e touchscreen com LCD iPhone 14 Pro Max (SC) - Preto,Manutenção LCD/ Touch,M. iPhone 14 Pro Max,"3.100,00",2.0,2.0,OK,2025-07-10,,,
27449,Flex power do iPhone 14 Pro Max,Manutenção Vibra / Volume / Power,M. iPhone 14 Pro Max,"800,00",1.0,1.0,OK,2025-07-10,,,
26184,Vidro e touchscreen com LCD iPhone 14 Pro - Preto,Manutenção LCD/ Touch,M. iPhone 14 Pro,"2.800,00",2.0,2.0,OK,2025-07-10,,,
26203,Lente de Vidro da Câmera para iPhone 14 Pro - P,Manutenção Câmera,M. iPhone 14 Pro,"400,00",2.0,2.0,OK,2025-07-10,,,
26204,Lente de Vidro da Câmera para iPhone 14 Pro - M,Manutenção Câmera,M. iPhone 14 Pro,"400,00",3.0,3.0,OK,2025-07-10,,,
26205,Lente de Vidro da Câmera para iPhone 14 Pro - G,Manutenção Câmera,M. iPhone 14 Pro,"400,00",2.0,2.0,OK,2025-07-10,,,
26214,Tampa de vidro para iPhone 14 Pro - Preto-espacial,Manutenção Carcaça/Vidro Traseiro,M. iPhone 14 Pro,"1.000,00",2.0,2.0,OK,2025-07-10,,,
26215,Tampa de vidro para iPhone 14 Pro - Prateado,Manutenção Carcaça/Vidro Traseiro,M. iPhone 14 Pro,"1.000,00",2.0,2.0,OK,2025-07-10,,,
26216,Tampa de vidro para iPhone 14 Pro - Dourado,Manutenção Carcaça/Vidro Traseiro,M. iPhone 14 Pro,"1.000,00",1.0,1.0,OK,2025-07-10,,,
26217,Tampa de vidro para iPhone 14 Pro - Roxo-Profundo,Manutenção Carcaça/Vidro Traseiro,M. iPhone 14 Pro,"1.000,00",3.0,3.0,OK,2025-07-10,,,
26373,Câmera traseira do iPhone 14 Pro,Manutenção Câmera,M. iPhone 14 Pro,"1.500,00",1.0,1.0,OK,2025-07-10,,,
26411,Conector de carga do iPhone 14 Pro - Branco,Manutenção Conector,M. iPhone 14 Pro,"800,00",2.0,2.0,OK,2025-07-10,,,
26722,Bateria de iPhone 14 Pro,Manutenção Bateria,M. iPhone 14 Pro,"1.000,00",1.0,1.0,OK,2025-07-10,,,
26202,Lente de Vidro da Câmera para iPhone 14 Plus - G,Manutenção Câmera,M. iPhone 14 Plus,"400,00",2.0,2.0,OK,2025-07-10,,,
26209,Tampa traseira de vidro para iPhone 14 Plus - Meia-noite,Manutenção Carcaça/Vidro Traseiro,M. iPhone 14 Plus,"1.000,00",1.0,1.0,OK,2025-07-10,,,
26210,Tampa traseira de vidro para iPhone 14 Plus - Roxo,Manutenção Carcaça/Vidro Traseiro,M. iPhone 14 Plus,"1.000,00",1.0,2.0,DIVERGENTE,2025-07-10,1 und avulso ,Sim,gerei um novo codigo 
26211,Tampa traseira de vidro para iPhone 14 Plus - Estelar,Manutenção Carcaça/Vidro Traseiro,M. iPhone 14 Plus,"1.000,00",1.0,1.0,OK,2025-07-10,,,
26212,Tampa de vidro para iPhone 14 Plus - Vermelha,Manutenção Carcaça/Vidro Traseiro,M. iPhone 14 Plus,"1.000,00",1.0,1.0,OK,2025-07-10,,,
26213,Tampa de vidro para iPhone 14 Plus - Azul,Manutenção Carcaça/Vidro Traseiro,M. iPhone 14 Plus,"1.000,00",1.0,0.0,DIVERGENTE,2025-07-10,Não encontrado ,Sim,Removi o codigo que não estava no fisico
27090,Vidro e touchscreen com LCD iPhone 14 Plus (SC) - Preto,Manutenção LCD/ Touch,M. iPhone 14 Plus,"2.500,00",2.0,2.0,OK,2025-07-10,,,
26177,Tampa traseira de vidro para iPhone 14 - Meia-noite,Manutenção Carcaça/Vidro Traseiro,M. iPhone 14,"1.000,00",1.0,1.0,OK,2025-07-10,,,
26178,Tampa traseira de vidro para iPhone 14 - Roxo,Manutenção Carcaça/Vidro Traseiro,M. iPhone 14,"1.000,00",2.0,2.0,OK,2025-07-10,,,
26179,Tampa de vidro para iPhone 14 - Estelar,Manutenção Carcaça/Vidro Traseiro,M. iPhone 14,"1.000,00",2.0,2.0,OK,2025-07-10,,,
26180,Tampa traseira de vidro para iPhone 14 - Vermelho,Manutenção Carcaça/Vidro Traseiro,M. iPhone 14,"1.000,00",1.0,1.0,OK,2025-07-10,,,
26181,Tampa traseira de vidro para iPhone 14 - Azul,Manutenção Carcaça/Vidro Traseiro,M. iPhone 14,"1.000,00",2.0,2.0,OK,2025-07-10,,,
26182,Vidro e touchscreen com LCD iPhone 14 - Preto,Manutenção LCD/ Touch,M. iPhone 14,"2.000,00",1.0,1.0,OK,2025-07-10,,,
26190,Lente de Vidro da Câmera para iPhone 14 - G,Manutenção Câmera,M. iPhone 14,"400,00",2.0,3.0,DIVERGENTE,2025-07-10,1 consta como vendido - 11177562 - gerar novo codigo ,Sim,gerei um novo codigo 
26401,Conector de carga do iPhone 14 - Preto,Manutenção Conector,M. iPhone 14,"800,00",2.0,2.0,OK,2025-07-10,,,
26404,Conector de carga do iPhone 14 - Vermelho,Manutenção Conector,M. iPhone 14,"800,00",2.0,2.0,OK,2025-07-10,,,
26723,Bateria de iPhone 14,Manutenção Bateria,M. iPhone 14,"800,00",2.0,2.0,OK,2025-07-10,,,
26979,Vidro e touchscreen com LCD iPhone 14 (SC) - Preto,Manutenção LCD/ Touch,M. iPhone 14,"2.000,00",1.0,1.0,OK,2025-07-10,,,
25489,Vidro e touchscreen com LCD iPhone 13 Pro Max - Preto,Manutenção LCD/ Touch,M. iPhone 13 Pro Max,"2.700,00",2.0,2.0,OK,2025-07-10,,,
25494,Conector de Carga iPhone 13 Pro Max - Branco,Manutenção Conector,M. iPhone 13 Pro Max,"800,00",3.0,3.0,OK,2025-07-10,,,
25495,Conector de Carga iPhone 13 Pro Max - Preto,Manutenção Conector,M. iPhone 13 Pro Max,"800,00",3.0,3.0,OK,2025-07-10,,,
25721,Lente de Vidro da Câmera para iPhone 13 Pro Max - P,Manutenção Câmera,M. iPhone 13 Pro Max,"400,00",2.0,2.0,OK,2025-07-10,,,
25722,Lente de Vidro da Câmera para iPhone 13 Pro Max - G,Manutenção Câmera,M. iPhone 13 Pro Max,"400,00",8.0,8.0,OK,2025-07-10,,,
25748,Tampa traseira de vidro para iPhone 13 Pro Max - Azul,Manutenção Carcaça/Vidro Traseiro,M. iPhone 13 Pro Max,"1.000,00",2.0,2.0,OK,2025-07-10,,,
25749,Tampa traseira de vidro para iPhone 13 Pro Max - Dourado,Manutenção Carcaça/Vidro Traseiro,M. iPhone 13 Pro Max,"1.000,00",1.0,1.0,OK,2025-07-10,,,
25750,Tampa traseira de vidro para iPhone 13 Pro Max - Branco,Manutenção Carcaça/Vidro Traseiro,M. iPhone 13 Pro Max,"1.000,00",3.0,3.0,OK,2025-07-10,,,
26132,Flex sensor face ID - iPhone 13 Pro Max,Manutenção Flex do Sensor,M. iPhone 13 Pro Max,"800,00",4.0,3.0,DIVERGENTE,2025-07-10,falta 1 und ,Sim,Removi o codigo que não estava no fisico
26270,Bateria de iPhone 13 Pro Max,Manutenção Bateria,M. iPhone 13 Pro Max,"790,00",2.0,2.0,OK,2025-07-10,,,
26768,Vidro e touchscreen com LCD iPhone 13 Pro Max (SC) - Preto,Manutenção LCD/ Touch,M. iPhone 13 Pro Max,"2.700,00",2.0,2.0,OK,2025-07-10,,,
26955,Bateria de iPhone 13 Pro Max - Sem Flex,Manutenção Bateria,M. iPhone 13 Pro Max,"790,00",2.0,2.0,OK,2025-07-10,,,
25488,Vidro e touchscreen com LCD iPhone 13 Pro - Preto,Manutenção LCD/ Touch,M. iPhone 13 Pro,"2.400,00",2.0,2.0,OK,2025-07-10,,,
25492,Conector de Carga iPhone 13 Pro - Branco,Manutenção Conector,M. iPhone 13 Pro,"800,00",3.0,3.0,OK,2025-07-10,,,
25493,Conector de Carga iPhone 13 Pro - Preto,Manutenção Conector,M. iPhone 13 Pro,"800,00",1.0,1.0,OK,2025-07-10,,,
25720,Lente de Vidro da Câmera para iPhone 13 Pro - G,Manutenção Câmera,M. iPhone 13 Pro,"350,00",4.0,4.0,OK,2025-07-10,,,
25723,Lente de Vidro da Câmera para iPhone 13 Pro - P,Manutenção Câmera,M. iPhone 13 Pro,"350,00",2.0,2.0,OK,2025-07-10,,,
25743,Tampa traseira de vidro para iPhone 13 Pro - Azul,Manutenção Carcaça/Vidro Traseiro,M. iPhone 13 Pro,"1.000,00",2.0,2.0,OK,2025-07-10,,,
25745,Tampa traseira de vidro para iPhone 13 Pro - Branco,Manutenção Carcaça/Vidro Traseiro,M. iPhone 13 Pro,"1.000,00",1.0,1.0,OK,2025-07-10,,,
25746,Tampa traseira de vidro para iPhone 13 Pro - Verde,Manutenção Carcaça/Vidro Traseiro,M. iPhone 13 Pro,"1.000,00",1.0,1.0,OK,2025-07-10,,,
25756,Lente de Vidro da Câmera para iPhone 13 Pro - M,Manutenção Câmera,M. iPhone 13 Pro,"350,00",2.0,2.0,OK,2025-07-10,,,
26139,Flex sensor face ID - iPhone 13 Pro,Manutenção Flex do Sensor,M. iPhone 13 Pro,"800,00",3.0,3.0,OK,2025-07-10,,,
26269,Bateria de iPhone 13 Pro,Manutenção Bateria,M. iPhone 13 Pro,"790,00",2.0,2.0,OK,2025-07-10,,,
26769,Vidro e touchscreen com LCD iPhone 13 Pro (SC) - Preto,Manutenção LCD/ Touch,M. iPhone 13 Pro,"2.400,00",1.0,1.0,OK,2025-07-10,,,
26954,Bateria de iPhone 13 Pro - Sem Flex,Manutenção Bateria,M. iPhone 13 Pro,"790,00",1.0,1.0,OK,2025-07-10,,,
27028,Speaker - iPhone 13 Pro,Manutenção Speaker,M. iPhone 13 Pro,"800,00",1.0,1.0,OK,2025-07-10,,,
27188,Alto-falante auricular do iPhone 13 Pro,Manutenção Alto Falante,M. iPhone 13 Pro,"600,00",2.0,2.0,OK,2025-07-10,,,
25751,Lente de Vidro da Câmera para iPhone 13 Mini - P,Manutenção Câmera,M. iPhone 13 Mini,"300,00",3.0,3.0,OK,2025-07-10,,,
25752,Lente de Vidro da Câmera para iPhone 13 Mini - G,Manutenção Câmera,M. iPhone 13 Mini,"300,00",3.0,3.0,OK,2025-07-10,,,
26366,Vidro e touchscreen com LCD iPhone 13 Mini - Preto,Manutenção LCD/ Touch,M. iPhone 13 Mini,"1.500,00",1.0,1.0,OK,2025-07-10,,,
25487,Vidro e touchscreen com LCD iPhone 13 - Preto,Manutenção LCD/ Touch,M. iPhone 13,"2.000,00",2.0,1.0,DIVERGENTE,2025-07-10,Não encontrou 1 und,Sim,Removi o codigo que não estava no fisico
25724,Carcaça completa para iPhone 13 - Preto,Manutenção Carcaça/Vidro Traseiro,M. iPhone 13,"1.300,00",1.0,1.0,OK,2025-07-10,,,
25726,Carcaça completa para iPhone 13 - Branco,Manutenção Carcaça/Vidro Traseiro,M. iPhone 13,"1.300,00",1.0,1.0,OK,2025-07-10,,,
25736,Tampa traseira de vidro para iPhone 13 - Preto,Manutenção Carcaça/Vidro Traseiro,M. iPhone 13,"800,00",1.0,1.0,OK,2025-07-10,,,
25738,Tampa traseira de vidro para iPhone 13 - Branco,Manutenção Carcaça/Vidro Traseiro,M. iPhone 13,"800,00",1.0,1.0,OK,2025-07-10,,,
26268,Bateria de iPhone 13,Manutenção Bateria,M. iPhone 13,"790,00",1.0,2.0,DIVERGENTE,2025-07-10,codigo invertido - 11183307 transformar em com flex ,sim,gerei um novo codigo 
26275,Volume / power / vibra / indução - iPhone 13,Manutenção Vibra / Volume / Power,M. iPhone 13,"800,00",2.0,2.0,OK,2025-07-10,,,
26601,Vidro e touchscreen com LCD iPhone 13 (SC) - Preto,Manutenção LCD/ Touch,M. iPhone 13,"2.000,00",4.0,4.0,OK,2025-07-10,,,
26953,Bateria de iPhone 13 - Sem Flex,Manutenção Bateria,M. iPhone 13,"790,00",2.0,1.0,DIVERGENTE,2025-07-10,codigo invertido - 11183307 transformar em com flex ,Sim,Removi o codigo que não estava no fisico
24599,Câmera Frontal para iphone 12 Pro Max,Manutenção Câmera,M. iPhone 12 Pro Max,"1.000,00",1.0,1.0,OK,2025-07-10,,,
24600,Câmera Traseira para iphone 12 Pro Max,Manutenção Câmera,M. iPhone 12 Pro Max,"1.300,00",1.0,1.0,OK,2025-07-10,,,
24618,Tampa de vidro com lente traseira para iPhone 12 Pro Max - Azul,Manutenção Carcaça/Vidro Traseiro,M. iPhone 12 Pro Max,"1.000,00",1.0,1.0,OK,2025-07-10,,,
24619,Tampa de vidro com lente traseira para iPhone 12 Pro Max - Dourado,Manutenção Carcaça/Vidro Traseiro,M. iPhone 12 Pro Max,"1.000,00",2.0,2.0,OK,2025-07-10,,,
24620,Tampa de vidro com lente traseira para iPhone 12 Pro Max - Prata,Manutenção Carcaça/Vidro Traseiro,M. iPhone 12 Pro Max,"1.000,00",2.0,2.0,OK,2025-07-10,,,
25248,Lente de Vidro da Câmera para iPhone 12 Pro Max - G,Manutenção Câmera,M. iPhone 12 Pro Max,"250,00",2.0,2.0,OK,2025-07-10,,,
25373,Bateria de iPhone 12 Pro Max,Manutenção Bateria,M. iPhone 12 Pro Max,"790,00",3.0,3.0,OK,2025-07-10,,,
25433,Conector de Carga iPhone 12 Pro Max - Branco,Manutenção Conector,M. iPhone 12 Pro Max,"700,00",2.0,2.0,OK,2025-07-10,,,
26600,Vidro e touchscreen com LCD iPhone 12 Pro Max (SC) - Preto,Manutenção LCD/ Touch,M. iPhone 12 Pro Max,"1.800,00",2.0,2.0,OK,2025-07-10,,,
26951,Bateria de iPhone 12 Pro Max - Sem Flex,Manutenção Bateria,M. iPhone 12 Pro Max,"790,00",1.0,1.0,OK,2025-07-10,,,
24598,Câmera Frontal para iphone 12 Pro,Manutenção Câmera,M. iPhone 12 Pro,"1.000,00",1.0,1.0,OK,2025-07-10,,,
24601,Câmera Traseira para iphone 12 Pro,Manutenção Câmera,M. iPhone 12 Pro,"1.200,00",1.0,1.0,OK,2025-07-10,,,
24892,Vidro e touchscreen com LCD iPhone 12/12 Pro - Preto,Manutenção LCD/ Touch,M. iPhone 12 Pro,"1.700,00",2.0,2.0,OK,2025-07-10,,,
25232,Lente de Vidro da Câmera para iPhone 12 Pro - G,Manutenção Câmera,M. iPhone 12 Pro,"250,00",2.0,2.0,OK,2025-07-10,,,
25265,Lente de Vidro da Câmera para iPhone 12 Pro - P,Manutenção Câmera,M. iPhone 12 Pro,"250,00",3.0,3.0,OK,2025-07-10,,,
25424,Conector de Carga iPhone 12 Pro - Preto,Manutenção Conector,M. iPhone 12 Pro,"700,00",1.0,1.0,OK,2025-07-10,,,
25426,Conector de Carga iPhone 12 Pro - Branco,Manutenção Conector,M. iPhone 12 Pro,"700,00",1.0,1.0,OK,2025-07-10,,,
26092,Lente de Vidro da Câmera para iPhone 12 Pro - M,Manutenção Câmera,M. iPhone 12 Pro,"250,00",2.0,2.0,OK,2025-07-10,,,
26599,Vidro e touchscreen com LCD iPhone 12/12 Pro (SC) - Preto,Manutenção LCD/ Touch,M. iPhone 12 Pro,"1.700,00",3.0,2.0,DIVERGENTE,2025-07-10,falta 1 und ,Sim,Removi o codigo que não estava no fisico
24611,Tampa de vidro com lente traseira para iPhone 12 Mini - Azul,Manutenção Carcaça/Vidro Traseiro,M. iPhone 12 Mini,"600,00",1.0,1.0,OK,2025-07-10,,,
24891,Vidro e touchscreen com LCD iPhone 12 Mini - Preto,Manutenção LCD/ Touch,M. iPhone 12 Mini,"1.300,00",1.0,1.0,OK,2025-07-10,,,
25266,Lente de Vidro da Câmera para iPhone 12 Mini - G,Manutenção Câmera,M. iPhone 12 Mini,"250,00",2.0,2.0,OK,2025-07-10,,,
25267,Lente de Vidro da Câmera para iPhone 12 Mini - P,Manutenção Câmera,M. iPhone 12 Mini,"250,00",1.0,1.0,OK,2025-07-10,,,
26094,Bateria de iPhone 12 Mini,Manutenção Bateria,M. iPhone 12 Mini,"790,00",2.0,3.0,DIVERGENTE,2025-07-10,codigo invertido - 10411328 transformar em com flex ,Sim,gerei um novo codigo 
26952,Bateria de iPhone 12 Mini - Sem Flex,Manutenção Bateria,M. iPhone 12 Mini,"790,00",3.0,2.0,DIVERGENTE,2025-07-10,codigo invertido - 10411328 transformar em com flex ,Sim,Removi o codigo que não estava no fisico
24604,Tampa de vidro com lente traseira para iPhone 12 - Azul,Manutenção Carcaça/Vidro Traseiro,M. iPhone 12,"800,00",1.0,1.0,OK,2025-07-10,,,
24608,Tampa de vidro com lente traseira para iPhone 12 - Vermelho,Manutenção Carcaça/Vidro Traseiro,M. iPhone 12,"800,00",1.0,1.0,OK,2025-07-10,,,
25178,Lente de Vidro da Câmera para iPhone 12 - G,Manutenção Câmera,M. iPhone 12,"250,00",2.0,2.0,OK,2025-07-10,,,
25228,Lente de Vidro da Câmera para iPhone 12 - P,Manutenção Câmera,M. iPhone 12,"250,00",2.0,2.0,OK,2025-07-10,,,
25368,Bateria de iPhone 12/12 Pro,Manutenção Bateria,M. iPhone 12,"790,00",1.0,1.0,OK,2025-07-10,,,
25440,Flex Sensor / Alto falante - iPhone 12,Manutenção Flex do Sensor,M. iPhone 12,"800,00",2.0,2.0,OK,2025-07-10,,,
25808,Flex de conector de carga para iPhone 12  - Preto,Manutenção Conector,M. iPhone 12,"800,00",1.0,1.0,OK,2025-07-10,,,
25810,Flex de conector de carga para iPhone 12  - Branco,Manutenção Conector,M. iPhone 12,"800,00",2.0,2.0,OK,2025-07-10,,,
25812,Flex de conector de carga para iPhone 12  - Vermelho,Manutenção Conector,M. iPhone 12,"800,00",1.0,1.0,OK,2025-07-10,,,
26950,Bateria de iPhone 12/12 Pro - Sem flex,Manutenção Bateria,M. iPhone 12,"790,00",3.0,3.0,OK,2025-07-10,,,
23894,Flex de Conector de Carga para iPhone 11 Pro Max Branco,Manutenção Conector,M. iPhone 11 Pro Max,"600,00",3.0,3.0,OK,2025-07-10,,,
23896,Flex de Conector de Carga para iPhone 11 Pro Max Preto,Manutenção Conector,M. iPhone 11 Pro Max,"600,00",3.0,3.0,OK,2025-07-10,,,
23898,Tampa de vidro com lente traseira para iPhone 11 Pro Max Dourado,Manutenção Carcaça/Vidro Traseiro,M. iPhone 11 Pro Max,"800,00",2.0,2.0,OK,2025-07-10,,,
23900,Tampa de vidro com lente traseira para iPhone 11 Pro Max Branco,Manutenção Carcaça/Vidro Traseiro,M. iPhone 11 Pro Max,"800,00",2.0,2.0,OK,2025-07-10,,,
23901,Tampa de vidro com lente traseira para iPhone 11 Pro Max Preto,Manutenção Carcaça/Vidro Traseiro,M. iPhone 11 Pro Max,"800,00",2.0,2.0,OK,2025-07-10,,,
24113,Vidro e touchscreen com LCD iPhone 11 Pro Max - Preto,Manutenção LCD/ Touch,M. iPhone 11 Pro Max,"1.300,00",1.0,1.0,OK,2025-07-10,,,
24812,Lente de Vidro da Câmera iPhone 11 Pro Max - P,Manutenção Câmera,M. iPhone 11 Pro Max,"250,00",3.0,3.0,OK,2025-07-10,,,
24814,Lente de Vidro da Câmera iPhone 11 Pro Max - G,Manutenção Câmera,M. iPhone 11 Pro Max,"250,00",3.0,3.0,OK,2025-07-10,,,
25450,Câmera Frontal - iPhone 11 Pro Max,Manutenção Câmera,M. iPhone 11 Pro Max,"500,00",2.0,2.0,OK,2025-07-10,,,
25451,Câmera Traseira - iPhone 11 Pro Max,Manutenção Câmera,M. iPhone 11 Pro Max,"800,00",1.0,1.0,OK,2025-07-10,,,
26767,Vidro e touchscreen com LCD iPhone 11 Pro Max (SC) - Preto,Manutenção LCD/ Touch,M. iPhone 11 Pro Max,"1.300,00",3.0,3.0,OK,2025-07-10,,,
26949,Bateria de iPhone 11 Pro Max - Sem Flex,Manutenção Bateria,M. iPhone 11 Pro Max,"790,00",3.0,3.0,OK,2025-07-10,,,
23903,Câmera Traseira para iPhone 11 Pro,Manutenção Câmera,M. iPhone 11 Pro,"900,00",1.0,1.0,OK,2025-07-10,,,
23908,Câmera Frontal para iPhone 11 Pro,Manutenção Câmera,M. iPhone 11 Pro,"900,00",2.0,2.0,OK,2025-07-10,,,
23911,Tampa de vidro com lente traseira para iPhone 11 Pro Dourado,Manutenção Carcaça/Vidro Traseiro,M. iPhone 11 Pro,"600,00",2.0,2.0,OK,2025-07-10,,,
23916,Tampa de vidro com lente traseira para iPhone 11 Pro Preto,Manutenção Carcaça/Vidro Traseiro,M. iPhone 11 Pro,"600,00",2.0,2.0,OK,2025-07-10,,,
24112,Vidro e touchscreen com LCD iPhone 11 Pro - Preto,Manutenção LCD/ Touch,M. iPhone 11 Pro,"1.200,00",2.0,2.0,OK,2025-07-10,,,
24534,Bateria de iPhone 11 Pro,Manutenção Bateria,M. iPhone 11 Pro,"790,00",2.0,2.0,OK,2025-07-10,,,
24809,Lente de Vidro da Câmera iPhone 11 Pro - P,Manutenção Câmera,M. iPhone 11 Pro,"250,00",2.0,2.0,OK,2025-07-10,,,
24811,Lente de Vidro da Câmera iPhone 11 Pro - G,Manutenção Câmera,M. iPhone 11 Pro,"250,00",2.0,2.0,OK,2025-07-10,,,
25441,Conector de Carga iPhone 11 Pro - Preto,Manutenção Conector,M. iPhone 11 Pro,"600,00",1.0,1.0,OK,2025-07-10,,,
25443,Conector de Carga iPhone 11 Pro - Dourado,Manutenção Conector,M. iPhone 11 Pro,"600,00",2.0,2.0,OK,2025-07-10,,,
26766,Vidro e touchscreen com LCD iPhone 11 Pro (SC) - Preto,Manutenção LCD/ Touch,M. iPhone 11 Pro,"1.200,00",2.0,2.0,OK,2025-07-10,,,
26948,Bateria de iPhone 11 Pro - Sem Flex,Manutenção Bateria,M. iPhone 11 Pro,"790,00",2.0,2.0,OK,2025-07-10,,,
23917,Flex de Conector de Carga para iPhone 11 - Branco,Manutenção Conector,M. iPhone 11,"500,00",2.0,2.0,OK,2025-07-10,,,
23919,Flex de Conector de Carga para iPhone 11 - Preto,Manutenção Conector,M. iPhone 11,"500,00",2.0,2.0,OK,2025-07-10,,,
23928,Tampa de vidro com lente traseira para iPhone 11 Branco,Manutenção Carcaça/Vidro Traseiro,M. iPhone 11,"400,00",2.0,2.0,OK,2025-07-10,,,
23929,Tampa de vidro com lente traseira para iPhone 11 Preto,Manutenção Carcaça/Vidro Traseiro,M. iPhone 11,"400,00",2.0,2.0,OK,2025-07-10,,,
24111,Vidro e touchscreen com LCD iPhone 11 - Preto,Manutenção LCD/ Touch,M. iPhone 11,"1.000,00",1.0,1.0,OK,2025-07-10,,,
24387,Bateria de iPhone 11,Manutenção Bateria,M. iPhone 11,"790,00",2.0,2.0,OK,2025-07-10,,,
24682,Alto-falante (saída auricular) para iPhone 11,Manutenção Alto Falante,M. iPhone 11,"400,00",5.0,5.0,OK,2025-07-10,,,
24806,Lente de Vidro da Câmera iPhone 11 - P,Manutenção Câmera,M. iPhone 11,"250,00",2.0,1.0,DIVERGENTE,2025-07-10,Não encontrou ,Sim,Removi o codigo que não estava no fisico
24808,Lente de Vidro da Câmera iPhone 11 - G,Manutenção Câmera,M. iPhone 11,"250,00",2.0,2.0,OK,2025-07-10,,,
26598,Vidro e touchscreen com LCD iPhone 11 (SC) - Preto,Manutenção LCD/ Touch,M. iPhone 11,"1.000,00",3.0,3.0,OK,2025-07-10,,,
26947,Bateria de iPhone 11 - Sem Flex,Manutenção Bateria,M. iPhone 11,"790,00",3.0,3.0,OK,2025-07-10,,,
27132,Motor do Vibra - iPhone 11,Manutenção Vibra / Volume / Power,M. iPhone 11,"800,00",1.0,0.0,DIVERGENTE,2025-07-10,Não encontrou ,Sim,removi o codigo que não estava no fisico
22102,Flex home - iPad Pro 9.7 Prata,Manutenção Flex do Home,iPad New 9.7,"400,00",1.0,1.0,OK,2025-07-10,,,
22103,Flex home - iPad Pro 9.7 Dourado,Manutenção Flex do Home,iPad New 9.7,"400,00",2.0,2.0,OK,2025-07-10,,,
26278,Bateria de iPad Mini 5,Manutenção Bateria,iPad Mini 5,"550,00",2.0,2.0,OK,2025-07-10,,,
2842,Cabo Flex Power   Volume do iPad Mini 1,Manutenção Vibra / Volume / Power,iPad Mini,"250,00",4.0,4.0,OK,2025-07-10,,,
2844,Cabo Flex do Fone iPad Mini - Preto,Manutenção Flex do Fone,iPad Mini,"250,00",2.0,2.0,OK,2025-07-10,,,
4434,Speaker - iPad Mini,Manutenção Speaker,iPad Mini,"250,00",3.0,3.0,OK,2025-07-10,,,
21080,Flex câmera frontal - iPad Mini 1 / 2 / 3,Manutenção Câmera,iPad Mini,"300,00",2.0,2.0,OK,2025-07-10,,,
21514,Bateria de iPad Mini,Manutenção Bateria,iPad Mini,"380,00",2.0,2.0,OK,2025-07-10,,,
21710,Flex do Home iPad Mini 3 - Branco,Manutenção Flex do Home,iPad Mini,"350,00",2.0,2.0,OK,2025-07-10,,,
22417,Flex Power/Volume do iPad Mini 2 / Mini 3,Manutenção Vibra / Volume / Power,iPad Mini,"250,00",2.0,2.0,OK,2025-07-10,,,
22547,Microfone da Câmera - iPad Mini 2,Manutenção Microfone,iPad Mini,"300,00",3.0,3.0,OK,2025-07-10,,,
22597,Bateria de iPad Mini 4,Manutenção Bateria,iPad Mini,"450,00",1.0,1.0,OK,2025-07-10,,,
22987,Flex power / microfone - iPad Mini 4,Manutenção Vibra / Volume / Power,iPad Mini,"400,00",1.0,0.0,DIVERGENTE,2025-07-10,falta 1 und ,Sim,Removi o codigo que não estava no fisico
23321,Flex volume - iPad Mini 4,Manutenção Vibra / Volume / Power,iPad Mini,"500,00",1.0,1.0,OK,2025-07-10,,,
23963,Vidro e touchscreen com LCD iPad Mini 4 - Branco,Manutenção LCD/ Touch,iPad Mini,"1.000,00",2.0,1.0,DIVERGENTE,2025-07-10,falta 1 und ,Sim,Removi o codigo que não estava no fisico
23968,Vidro e touchscreen com LCD iPad Mini 4 - Preto,Manutenção LCD/ Touch,iPad Mini,"1.000,00",2.0,2.0,OK,2025-07-10,,,
24005,Vidro e touchscreen iPad Mini 1/2 - Preto,Manutenção LCD/ Touch,iPad Mini,"400,00",2.0,2.0,OK,2025-07-10,,,
24007,Vidro e touchscreen iPad Mini 1/2 - Branco,Manutenção LCD/ Touch,iPad Mini,"400,00",2.0,2.0,OK,2025-07-10,,,
24011,Vidro e touchscreen iPad mini 3 Branco,Manutenção LCD/ Touch,iPad Mini,"400,00",3.0,2.0,DIVERGENTE,2025-07-10,falta 1 und ,Sim,Removi o codigo que não estava no fisico
24330,LCD para iPad Mini,Manutenção LCD/ Touch,iPad Mini,"400,00",2.0,2.0,OK,2025-07-10,,,
24454,Vidro e touchscreen iPad Mini 3 - Preta,Manutenção LCD/ Touch,iPad Mini,"400,00",2.0,2.0,OK,2025-07-10,,,
24455,Flex de Conector de Carga para iPad Mini 2/3 - Branco,Manutenção Conector,iPad Mini,"250,00",2.0,2.0,OK,2025-07-10,,,
24591,Flex de Conector de Carga para iPad Mini 2/3 - Preto,Manutenção Conector,iPad Mini,"250,00",3.0,3.0,OK,2025-07-10,,,
24594,Flex de Conector de Carga para iPad Mini 4 - Branco,Manutenção Conector,iPad Mini,"500,00",2.0,2.0,OK,2025-07-10,,,
24595,Flex de Conector de Carga para iPad Mini 4 - Preto,Manutenção Conector,iPad Mini,"500,00",2.0,2.0,OK,2025-07-10,,,
20990,Flex home - iPad Air 2 / Mini 4/ iPad Pro 12.9 (1° Ger) Prata,Manutenção Flex do Home,iPad Air 2,"300,00",2.0,2.0,OK,2025-07-10,,,
21113,Flex câmera frontal - iPad Air 2 / Mini 4 / Pro 12.9 (1° Ger),Manutenção Câmera,iPad Air 2,"300,00",2.0,2.0,OK,2025-07-10,,,
21279,Flex câmera traseira - iPad Air 2 / Mini 4/ iPad Pro 12.9 (1° Ger),Manutenção Câmera,iPad Air 2,"300,00",2.0,2.0,OK,2025-07-10,,,
21691,Bateria de iPad Air 2,Manutenção Bateria,iPad Air 2,"380,00",2.0,2.0,OK,2025-07-10,,,
23926,Vidro e touchscreen com LCD iPad Air 2 - Preto,Manutenção LCD/ Touch,iPad Air 2,"1.200,00",1.0,1.0,OK,2025-07-10,,,
24178,Flex volume / microfone - iPad 6 / Air 2,Manutenção Vibra / Volume / Power,iPad Air 2,"350,00",1.0,1.0,OK,2025-07-10,,,
24179,Flex power - iPad 6 / Air 2,Manutenção Vibra / Volume / Power,iPad Air 2,"350,00",1.0,1.0,OK,2025-07-10,,,
24592,Flex de Conector de Carga para iPad Air 2 - Branco,Manutenção Conector,iPad Air 2,"600,00",2.0,1.0,DIVERGENTE,2025-07-10,falta 1 und ,Sim,Removi o codigo que não estava no fisico
3904,Flex do Microfone iPad Air,Manutenção Microfone,iPad Air,"300,00",2.0,4.0,DIVERGENTE,2025-07-10,identificar o codigo que não consta no lab ,Sim,Removi o codigo que não estava no fisico
4028,Flex Power e Volume iPad Air,Manutenção Vibra / Volume / Power,iPad Air,"300,00",2.0,2.0,OK,2025-07-10,,,
4141,Flex Home - iPad Air,Manutenção Flex do Home,iPad Air,"0,00",2.0,2.0,OK,2025-07-10,,,
20875,Flex câmera traseira - iPad Air/Mini/Mini 2/Mini 3,Manutenção Câmera,iPad Air,"300,00",2.0,2.0,OK,2025-07-10,,,
20877,Flex câmera frontal - iPad Air,Manutenção Câmera,iPad Air,"300,00",2.0,2.0,OK,2025-07-10,,,
21513,Bateria de iPad Air 1 / iPad 5,Manutenção Bateria,iPad Air,"380,00",2.0,2.0,OK,2025-07-10,,,
23998,Vidro e touchscreen iPad Air - Preto,Manutenção LCD/ Touch,iPad Air,"300,00",2.0,2.0,OK,2025-07-10,,,
24001,Vidro e touchscreen iPad Air - Branco,Manutenção LCD/ Touch,iPad Air,"300,00",2.0,2.0,OK,2025-07-10,,,
24171,Flex P2 (3.5mm) para iPad Air - Preto,Manutenção Flex do Fone,iPad Air,"350,00",2.0,2.0,OK,2025-07-10,,,
24172,Conector de Carga para iPad Air 1 /iPad 5º - Branco,Manutenção Conector,iPad Air,"300,00",2.0,2.0,OK,2025-07-10,,,
24173,Conector de Carga para iPad Air 1 /iPad 5º - Preto,Manutenção Conector,iPad Air,"300,00",3.0,3.0,OK,2025-07-10,,,
24329,LCD para iPad Air/5,Manutenção LCD/ Touch,iPad Air,"600,00",1.0,1.0,OK,2025-07-10,,,
25007,Flex conector P2 (3.5mm) para iPad Air - Branco,Manutenção Flex do Fone,iPad Air,"350,00",2.0,2.0,OK,2025-07-10,,,
25633,Vidro e touchscreen iPad 9 - Preto,Manutenção LCD/ Touch,iPad 9. Manut,"1.200,00",3.0,3.0,OK,2025-07-10,,,
25634,Vidro e touchscreen iPad 9 - Branco,Manutenção LCD/ Touch,iPad 9. Manut,"1.200,00",1.0,1.0,OK,2025-07-10,,,
24765,Vidro e touchscreen iPad 8 - Preto,Manutenção LCD/ Touch,iPad 8° Ger. 10.2,"1.000,00",2.0,2.0,OK,2025-07-10,,,
24170,Vidro e touchscreen iPad 7 - Branco,Manutenção LCD/ Touch,iPad 7° Ger. 10.2p,"900,00",1.0,1.0,OK,2025-07-10,,,
24900,Bateria de iPad 7,Manutenção Bateria,iPad 7° Ger. 10.2p,"600,00",4.0,5.0,DIVERGENTE,2025-07-10,1und avulso sem codigo - Ver qual codigo é pra subsituir,Sim,gerei um novo codigo 
24003,Vidro e touchscreen iPad 6 - Preto,Manutenção LCD/ Touch,Ipad 6,"500,00",2.0,2.0,OK,2025-07-10,,,
24116,Vidro e touchscreen iPad 6 - Branco,Manutenção LCD/ Touch,Ipad 6,"500,00",1.0,1.0,OK,2025-07-10,,,
24163,LCD para iPad 6,Manutenção LCD/ Touch,Ipad 6,"800,00",2.0,2.0,OK,2025-07-10,,,
24164,Flex conector de carga - iPad 6 Preto,Manutenção Conector,Ipad 6,"400,00",3.0,3.0,OK,2025-07-10,,,
24204,Bateria de iPad 6,Manutenção Bateria,Ipad 6,"450,00",1.0,1.0,OK,2025-07-10,,,
24200,Flex home - iPad 5 / 6,Manutenção Flex do Home,iPad 5,"300,00",2.0,2.0,OK,2025-07-10,,,
24327,Vidro e touchscreen iPad 5 - Preto,Manutenção LCD/ Touch,iPad 5,"450,00",2.0,2.0,OK,2025-07-10,,,
24328,Vidro e touchscreen iPad 5 - Branco,Manutenção LCD/ Touch,iPad 5,"450,00",2.0,2.0,OK,2025-07-10,,,
4030,Conector de Carga - iPad 4,Manutenção Conector,iPad 4,"200,00",1.0,1.0,OK,2025-07-10,,,
2617,Flex Power - iPad 3/4,Manutenção Vibra / Volume / Power,iPad 3,"200,00",3.0,3.0,OK,2025-07-10,,,
2811,Flex Home - iPad 3/4,Manutenção Flex do Home,iPad 3,"300,00",1.0,1.0,OK,2025-07-10,,,
3056,Flex antena Wi-Fi - iPad 3/4,Manutenção Wi-Fi,iPad 3,"200,00",3.0,3.0,OK,2025-07-10,,,
4054,Flex P2 - iPad 3/4,Manutenção Flex do Fone,iPad 3,"0,00",2.0,2.0,OK,2025-07-10,,,
21511,Bateria de iPad 3/4,Manutenção Bateria,iPad 3,"300,00",1.0,1.0,OK,2025-07-10,,,
23983,LCD para iPad 3/4,Manutenção LCD/ Touch,iPad 3,"300,00",1.0,1.0,OK,2025-07-10,,,
23993,Vidro e touchscreen iPad 3/4 - Preto,Manutenção LCD/ Touch,iPad 3,"300,00",3.0,3.0,OK,2025-07-10,,,
23996,Vidro e touchscreen iPad 3/4 Branco,Manutenção LCD/ Touch,iPad 3,"300,00",2.0,2.0,OK,2025-07-10,,,
24159,Flex conector de carga para iPad 3,Manutenção Conector,iPad 3,"200,00",2.0,2.0,OK,2025-07-10,,,
24160,Alto-falante (Caixa de som) para iPad 3,Manutenção Speaker,iPad 3,"200,00",2.0,2.0,OK,2025-07-10,,,
24449,Câmera traseira para iPad 3/4,Manutenção Câmera,iPad 3,"300,00",1.0,1.0,OK,2025-07-10,,,
24450,Microfone para iPad 3,Manutenção Microfone,iPad 3,"200,00",2.0,2.0,OK,2025-07-10,,,
887,Flex P2 (Wi-Fi) - iPad 2,Manutenção Vibra / Volume / Power,iPad 2,"150,00",2.0,2.0,OK,2025-07-10,,,
888,Flex P2 (3G) - iPad 2,Manutenção Flex do Fone,iPad 2,"180,00",4.0,4.0,OK,2025-07-10,,,
1109,Flex antena Wi-Fi - iPad 2,Manutenção Wi-Fi,iPad 2,"0,00",2.0,2.0,OK,2025-07-10,,,
1367,Câmera Traseira - iPad 2,Manutenção Câmera,iPad 2,"180,00",3.0,3.0,OK,2025-07-10,,,
1405,Camera Frontal - iPad 2,Manutenção Câmera,iPad 2,"180,00",1.0,1.0,OK,2025-07-10,,,
3147,Microfone da Camera Frontal iPad 2,Manutenção Microfone,iPad 2,"180,00",3.0,3.0,OK,2025-07-10,,,
21510,Bateria de iPad 2,Manutenção Bateria,iPad 2,"300,00",3.0,3.0,OK,2025-07-10,,,
23975,Vidro e touchscreen iPad 2 - Preto,Manutenção LCD/ Touch,iPad 2,"250,00",2.0,2.0,OK,2025-07-10,,,
23980,Vidro e touchscreen iPad 2 - Branco,Manutenção LCD/ Touch,iPad 2,"250,00",3.0,3.0,OK,2025-07-10,,,
24158,Alto-falante (Caixa de som) para iPad 2,Manutenção Speaker,iPad 2,"180,00",3.0,3.0,OK,2025-07-10,,,
24169,LCD para iPad 2,Manutenção LCD/ Touch,iPad 2,"350,00",1.0,1.0,OK,2025-07-10,,,
24447,Flex do Conector de Carga para iPad 2,Manutenção Conector,iPad 2,"180,00",3.0,3.0,OK,2025-07-10,,,
24412,Câmera Traseira para iPhone SE,Manutenção Câmera,,"200,00",2.0,2.0,OK,2025-07-10,,,
24422,Lente de Vidro da Câmera traseira para iPhone 7,Manutenção Câmera,,"100,00",2.0,2.0,OK,2025-07-10,,,
25008,Conector de carga iPad Mini - Branco,Manutenção Conector,,"250,00",2.0,2.0,OK,2025-07-10,,,
4150,,,,,,,,2025-07-10,,,
