Data,Id,Nome,Categoria,Sub-categoria,Valor,Sistema ,Fisico ,Situação,Motivo,Resolvido ? ,Como ?
2025-07-24,23937,Motor de funçao vibratoria para iPhone XS Max,Manutenção Vibra / Volume / Power,M. iPhone XS Max,"300,00",2,2.0,OK,,,
2025-07-24,23939,Alto-falante Caixa de som para iPhone XS Max,Manutenção Speaker,M. iPhone XS Max,"300,00",2,1.0,DIVERGENTE,Falta-07605852,Sim,
2025-07-24,25370,Flex Sensor / Alto falante - iPhone XS Max,Manutenção Flex do Sensor,M. iPhone XS Max,"500,00",2,2.0,OK,,,
2025-07-24,23271,Conector de Carga iPhone XS Max - Cinza,Manutenção Conector,M. iPhone XS Max,"0,00",2,,DIVERGENTE,não encontrei ,Sim,
2025-07-24,23934,Flex de Conector de Carga para iPhone XS Max Preto,Manutenção Conector,M. iPhone XS Max,"500,00",1,1.0,OK,,,
2025-07-24,24590,Flex de Conector de Carga para iPhone XS Max Cinza,Manutenção Conector,M. iPhone XS Max,"500,00",1,1.0,OK,,,
2025-07-24,23020,Lente de Vidro da Câmera iPhone XS Max - Preto,Manutenção Câmera,M. iPhone XS Max,"250,00",2,2.0,OK,,,
2025-07-24,23941,Câmera Frontal e Sensor para iPhone XS Max,Manutenção Câmera,M. iPhone XS Max,"400,00",2,2.0,OK,,,
2025-07-24,23942,Câmera Traseira para iPhone XS Max,Manutenção Câmera,M. iPhone XS Max,"600,00",2,2.0,OK,,,
2025-07-24,24142,Vidro da câmera traseira para iPhone XS Max Dourado,Manutenção Câmera,M. iPhone XS Max,"250,00",2,2.0,OK,,,
2025-07-24,23948,Flex da função power para iPhone XS,Manutenção Vibra / Volume / Power,M. iPhone XS,"400,00",1,1.0,OK,,,
2025-07-24,23949,Flexivel da função de ajuste de volume para iPhone XS,Manutenção Vibra / Volume / Power,M. iPhone XS,"400,00",2,2.0,OK,,,
2025-07-24,23953,Motor de função vibratória para iPhone XS,Manutenção Vibra / Volume / Power,M. iPhone XS,"300,00",2,2.0,OK,,,
2025-07-24,23954,Speaker - iPhone XS,Manutenção Speaker,M. iPhone XS,"600,00",1,1.0,OK,,,
2025-07-24,24899,Flex sensor/ alto falante - iPhone XS,Manutenção Flex do Sensor,M. iPhone XS,"400,00",3,4.0,DIVERGENTE,1 unidade avulso -gerar novo codigo ,Sim,
2025-07-24,23950,Flex de Conector de Carga para iPhone XS Cinza,Manutenção Conector,M. iPhone XS,"400,00",2,2.0,OK,,,
2025-07-24,23951,Flex de Conector de Carga para iPhone XS Preto,Manutenção Conector,M. iPhone XS,"400,00",2,2.0,OK,,,
2025-07-24,23011,Lente de Vidro da Câmera iPhone XS - Preto,Manutenção Câmera,M. iPhone XS,"200,00",2,2.0,OK,,,
2025-07-24,23955,Câmera Frontal e Sensor para iPhone XS,Manutenção Câmera,M. iPhone XS,"400,00",2,2.0,OK,,,
2025-07-24,23956,Câmera Traseira para iPhone XS,Manutenção Câmera,M. iPhone XS,"600,00",2,2.0,OK,,,
2025-07-24,23989,Flex power / volume / vibra / microfone / flash - iPhone XR,Manutenção Vibra / Volume / Power,M. iPhone XR,"400,00",2,2.0,OK,,,
2025-07-24,23992,Flex motor vibra - iPhone XR,Manutenção Vibra / Volume / Power,M. iPhone XR,"300,00",2,2.0,OK,,,
2025-07-24,24000,Speaker para iPhone XR,Manutenção Speaker,M. iPhone XR,"400,00",1,1.0,OK,,,
2025-07-24,24901,Flex sensor/ alto falante - iPhone XR,Manutenção Flex do Sensor,M. iPhone XR,"400,00",2,2.0,OK,,,
2025-07-24,24140,Flex conector de carga para iPhone XR Branco,Manutenção Conector,M. iPhone XR,"500,00",1,1.0,OK,,,
2025-07-24,24344,Conector de carga para iPhone XR Preto,Manutenção Conector,M. iPhone XR,"500,00",1,1.0,OK,,,
2025-07-24,23995,Câmera Traseira para iPhone XR,Manutenção Câmera,M. iPhone XR,"500,00",2,2.0,OK,,,
2025-07-24,23997,Câmera Frontal e Sensor para iPhone XR,Manutenção Câmera,M. iPhone XR,"400,00",3,4.0,DIVERGENTE,1 unidade avulso -gerar novo codigo ,Sim,
2025-07-24,25104,Lente de Vidro da Câmera iPhone XR - Avulsa,Manutenção Câmera,M. iPhone XR,"250,00",3,3.0,OK,,,
2025-07-24,23473,Flex sensor/ alto falante - iPhone XR,Manutenção Alto Falante,M. iPhone XR,"0,00",1,,DIVERGENTE,não encontrei /codigo antigo,Sim,
2025-07-24,22487,Flex Volume - iPhone X,Manutenção Vibra / Volume / Power,M. iPhone X,"0,00",2,2.0,OK,,,
2025-07-24,22990,Flex Volume/carregador sem fio - iPhone x,Manutenção Vibra / Volume / Power,M. iPhone X,"400,00",2,2.0,OK,,,
2025-07-24,23960,Flex da função power para iPhone X,Manutenção Vibra / Volume / Power,M. iPhone X,"400,00",3,3.0,OK,,,
2025-07-24,23971,Motor de funçao vibratoria para iPhone X,Manutenção Vibra / Volume / Power,M. iPhone X,"300,00",2,2.0,OK,,,
2025-07-24,23973,Speaker - iPhone X,Manutenção Speaker,M. iPhone X,"300,00",2,2.0,OK,,,
2025-07-24,25378,Flex sensor / Alto falante - iPhone X,Manutenção Flex do Sensor,M. iPhone X,"500,00",1,1.0,OK,,,
2025-07-24,23965,Flex de Conector de Carga para iPhone X Cinza,Manutenção Conector,M. iPhone X,"400,00",3,3.0,OK,07605857/ peça é do Xs porem esta com o codigo do X ,,
2025-07-24,23967,Flex de Conector de Carga para iPhone X Preto,Manutenção Conector,M. iPhone X,"400,00",2,2.0,OK,07605832// peça é do Xs porem esta com o codigo do X ,,
2025-07-24,21905,Câmera Traseira - iPhone X,Manutenção Câmera,M. iPhone X,"500,00",2,2.0,OK,,,
2025-07-24,23978,Flex da Câmera Frontal e Sensor para iPhone X,Manutenção Câmera,M. iPhone X,"500,00",3,3.0,OK,,,
2025-07-24,24438,Lente de vidro da Câmera Traseira para iPhone X - Preta,Manutenção Câmera,M. iPhone X,"200,00",1,1.0,OK,,,
2025-07-24,24439,Lente de vidro da Câmera Traseira para iPhone X - Prata,Manutenção Câmera,M. iPhone X,"200,00",3,3.0,OK,,,
2025-07-24,24136,Flex do conector de carga para iPhone SE - Branco,Manutenção Conector,M. iPhone SE,"200,00",3,3.0,OK,,,
2025-07-24,24137,Flex do conector de carga para iPhone SE - Preto,Manutenção Conector,M. iPhone SE,"200,00",2,2.0,OK,,,
2025-07-24,21227,Câmera Traseira - iPhone SE,Manutenção Câmera,M. iPhone SE,"200,00",1,1.0,OK,,,
2025-07-24,24412,Câmera Traseira para iPhone SE,Manutenção Câmera,M. iPhone SE,"200,00",1,1.0,OK,,,
2025-07-24,21915,Flex Power/Volume - iPhone 8 Plus,Manutenção Vibra / Volume / Power,M. iPhone 8 Plus,"400,00",3,3.0,OK,,,
2025-07-24,24122,Motor de função vibratória para iPhone 8 Plus,Manutenção Vibra / Volume / Power,M. iPhone 8 Plus,"300,00",1,1.0,OK,,,
2025-07-24,21913,Speaker - iPhone 8 Plus,Manutenção Speaker,M. iPhone 8 Plus,"300,00",2,2.0,OK,,,
2025-07-24,23985,Flex de Conector de Carga para iPhone 8 Plus Branco,Manutenção Conector,M. iPhone 8 Plus,"300,00",1,1.0,OK,,,
2025-07-24,23988,Flex de Conector de Carga para iPhone 8 Plus Preto,Manutenção Conector,M. iPhone 8 Plus,"300,00",2,2.0,OK,,,
2025-07-24,22002,Lente de Vidro da Câmera iPhone 8 Plus - Rose,Manutenção Câmera,M. iPhone 8 Plus,"200,00",1,1.0,OK,,,
2025-07-24,23981,Câmera Traseira para iPhone 8 Plus,Manutenção Câmera,M. iPhone 8 Plus,"400,00",2,2.0,OK,,,
2025-07-24,24121,Câmera Frontal e Sensor para iPhone 8 Plus,Manutenção Câmera,M. iPhone 8 Plus,"400,00",1,1.0,OK,,,
2025-07-24,24436,Lente de vidro da Câmera Traseira para iPhone 8 Plus - Prata,Manutenção Câmera,M. iPhone 8 Plus,"200,00",1,1.0,OK,,,
2025-07-24,21914,Alto-Falante iPhone 8 Plus,Manutenção Alto Falante,M. iPhone 8 Plus,"250,00",2,2.0,OK,,,
2025-07-24,25227,Antena Wi-Fi - iPhone 8,Manutenção Wi-Fi,M. iPhone 8,"250,00",1,1.0,OK,,,
2025-07-24,21923,Flex Power/Volume - iPhone 8/SE 2,Manutenção Vibra / Volume / Power,M. iPhone 8,"300,00",2,2.0,OK,,,
2025-07-24,24120,Motor do Vibra para iPhone 8/SE 2,Manutenção Vibra / Volume / Power,M. iPhone 8,"300,00",2,2.0,OK,,,
2025-07-24,21920,Speaker - iPhone 8/SE 2,Manutenção Speaker,M. iPhone 8,"300,00",2,2.0,OK,,,
2025-07-24,23976,Conector de Carga para iPhone 8 Branco,Manutenção Conector,M. iPhone 8,"300,00",3,3.0,OK,,,
2025-07-24,21918,Câmera Frontal e Sensor de Proximidade - iPhone 8/SE 2,Manutenção Câmera,M. iPhone 8,"0,00",1,,DIVERGENTE,não encontrei ,Sim,
2025-07-24,23970,Câmera Traseira para iPhone 8/SE 2,Manutenção Câmera,M. iPhone 8,"500,00",2,2.0,OK,,,
2025-07-24,23972,Câmera Frontal e Sensor para iPhone 8/SE 2,Manutenção Câmera,M. iPhone 8,"400,00",2,2.0,OK,,,
2025-07-24,24431,Lente de vidro da Câmera Traseira para iPhone 8 - Preta,Manutenção Câmera,M. iPhone 8,"100,00",2,2.0,OK,,,
2025-07-24,21921,Alto-Falante iPhone 8/SE 2,Manutenção Alto Falante,M. iPhone 8,"300,00",2,2.0,OK,,,
2025-07-24,22191,Antena Wi-Fi iPhone 7 Plus,Manutenção Wi-Fi,M. iPhone 7 Plus,"250,00",2,2.0,OK,,,
2025-07-24,21290,Flex Power/Volume - iPhone 7 Plus,Manutenção Vibra / Volume / Power,M. iPhone 7 Plus,"300,00",3,3.0,OK,,,
2025-07-24,23083,Motor do Vibra - iPhone 7 Plus,Manutenção Vibra / Volume / Power,M. iPhone 7 Plus,"300,00",1,1.0,OK,,,
2025-07-24,21316,Speaker - iPhone 7 Plus,Manutenção Speaker,M. iPhone 7 Plus,"250,00",1,1.0,OK,,,
2025-07-24,23943,Flex de Conector de Carga para iPhone 7 Plus Branco,Manutenção Conector,M. iPhone 7 Plus,"300,00",3,3.0,OK,,,
2025-07-24,23945,Flex de Conector de Carga para iPhone 7 Plus Preto,Manutenção Conector,M. iPhone 7 Plus,"300,00",1,1.0,OK,,,
2025-07-24,23938,Câmera Traseira para iPhone 7 Plus,Manutenção Câmera,M. iPhone 7 Plus,"350,00",2,2.0,OK,,,
2025-07-24,23940,Câmera Frontal e Sensor para iPhone 7 Plus,Manutenção Câmera,M. iPhone 7 Plus,"350,00",3,3.0,OK,5537145 / peça do 6s trocar codigo ,,
2025-07-24,24426,Lente de vidro da Câmera Traseira para iPhone 7 Plus - Preta,Manutenção Câmera,M. iPhone 7 Plus,"100,00",1,1.0,OK,,,
2025-07-24,21317,Alto-Falante iPhone 7 Plus,Manutenção Alto Falante,M. iPhone 7 Plus,"250,00",2,2.0,OK,,,
2025-07-24,24421,Antena Wi-fi para iPhone 7,Manutenção Wi-Fi,M. iPhone 7,"0,00",2,2.0,OK,,,
2025-07-24,23189,Motor do Vibra - iPhone 7,Manutenção Vibra / Volume / Power,M. iPhone 7,"150,00",2,2.0,OK,,,
2025-07-24,24119,Flex Power/Volume para iPhone 7,Manutenção Vibra / Volume / Power,M. iPhone 7,"300,00",2,2.0,OK,,,
2025-07-24,21289,Speaker - iPhone 7,Manutenção Speaker,M. iPhone 7,"200,00",1,1.0,OK,,,
2025-07-24,23913,Conector de Carga para iPhone 7 Branco,Manutenção Conector,M. iPhone 7,"300,00",2,2.0,OK,,,
2025-07-24,23936,Conector de Carga para iPhone 7 Preto,Manutenção Conector,M. iPhone 7,"300,00",2,2.0,OK,,,
2025-07-24,23907,Câmera Traseira para iPhone 7,Manutenção Câmera,M. iPhone 7,"350,00",3,3.0,OK,,,
2025-07-24,23909,Câmera frontal e Sensor para iPhone 7,Manutenção Câmera,M. iPhone 7,"350,00",2,2.0,OK,,,
2025-07-24,24422,Lente de Vidro da Câmera traseira para iPhone 7,Manutenção Câmera,M. iPhone 7,"100,00",2,2.0,OK,,,
2025-07-24,21149,Alto-Falante iPhone 7,Manutenção Alto Falante,M. iPhone 7,"250,00",1,1.0,OK,,,
2025-07-24,23918,Vidro e touchscreen com LCD iPhone XS Max - Preto,Manutenção LCD/ Touch,M. iPhone XS Max,"1.200,00",3,3.0,OK,,,
2025-07-24,23590,Vidro e touchscreen com LCD iPhone XS - Preto,Manutenção LCD/ Touch,M. iPhone XS,"1.200,00",2,2.0,OK,,,
2025-07-24,24110,Vidro e touchscreen com LCD iPhone XR - Preto,Manutenção LCD/ Touch,M. iPhone XR,"1.000,00",2,2.0,OK,,,
2025-07-24,23915,Vidro e touchscreen com LCD iPhone X - Preto,Manutenção LCD/ Touch,M. iPhone X,"1.000,00",4,4.0,OK,,,
2025-07-24,26326,Vidro e touchscreen com LCD iPhone SE 3 - Preto,Manutenção LCD/ Touch,M. iPhone SE 3,"700,00",1,1.0,OK,,,
2025-07-24,24101,Vidro e touchscreen com LCD iPhone SE - Branco ,Manutenção LCD/ Touch,M. iPhone SE,"400,00",2,2.0,OK,,,
2025-07-24,24102,Vidro e touchscreen com LCD iPhone SE - Preto ,Manutenção LCD/ Touch,M. iPhone SE,"400,00",2,2.0,OK,,,
2025-07-24,24108,Vidro e touchscreen com LCD iPhone 8 Plus - Branco,Manutenção LCD/ Touch,M. iPhone 8 Plus,"650,00",2,2.0,OK,,,
2025-07-24,24109,Vidro e touchscreen com LCD iPhone 8 Plus - Preto,Manutenção LCD/ Touch,M. iPhone 8 Plus,"650,00",4,4.0,OK,,,
2025-07-24,23910,Vidro e touchscreen com LCD iPhone 8 - Branco,Manutenção LCD/ Touch,M. iPhone 8,"500,00",3,3.0,OK,,,
2025-07-24,24401,Vidro e touchscreen com LCD iPhone 8/SE 2 - Preto,Manutenção LCD/ Touch,M. iPhone 8,"600,00",3,3.0,OK,,,
2025-07-24,23897,Vidro e touchscreen com LCD iPhone 7 Plus - Preto,Manutenção LCD/ Touch,M. iPhone 7 Plus,"550,00",3,4.0,DIVERGENTE,11184624  - N° Divergencia 139984 (Trazer esse codigo para o lab),Sim,
2025-07-24,23906,Vidro e touchscreen com LCD iPhone 7 Plus - Branco,Manutenção LCD/ Touch,M. iPhone 7 Plus,"550,00",2,2.0,OK,,,
2025-07-24,24106,Vidro Touchscreen com LCD para iPhone 7 - Preto,Manutenção LCD/ Touch,M. iPhone 7,"350,00",3,3.0,OK,,,
2025-07-24,24107,Vidro e touchscreen com LCD iPhone 7 - Branco,Manutenção LCD/ Touch,M. iPhone 7,"350,00",2,2.0,OK,,,
2025-07-24,23895,Vidro e touchscreen com LCD iPhone 6S Plus - Branco,Manutenção LCD/ Touch,M. iPhone 6S Plus,"300,00",3,3.0,OK,,,
2025-07-24,24324,Vidro e touchscreen com LCD iPhone 6S Plus - Preto,Manutenção LCD/ Touch,M. iPhone 6S Plus,"300,00",3,3.0,OK,,,
2025-07-24,23893,Vidro e touchscreen com LCD iPhone 6S - Branco,Manutenção LCD/ Touch,M. iPhone 6S,"350,00",3,3.0,OK,,,
2025-07-24,24105,Vidro e touchscreen com LCD iPhone 6S - Preto,Manutenção LCD/ Touch,M. iPhone 6S,"350,00",3,3.0,OK,,,
2025-07-24,24325,Vidro e touchscreen com LCD iPhone 6 Plus - Preto,Manutenção LCD/ Touch,M. iPhone 6 Plus,"300,00",3,3.0,OK,,,
2025-07-24,24326,Vidro e touchscreen com LCD iPhone 6 Plus - Branco,Manutenção LCD/ Touch,M. iPhone 6 Plus,"300,00",3,3.0,OK,,,
2025-07-24,24103,Vidro e touchscreen com LCD iPhone 6 - Preto,Manutenção LCD/ Touch,M. iPhone 6,"250,00",3,3.0,OK,,,
2025-07-24,24104,Vidro e touchscreen com LCD iPhone 6 - Branco,Manutenção LCD/ Touch,M. iPhone 6,"250,00",3,3.0,OK,,,
2025-07-24,3533,Vidro e touchscreen com LCD iPhone 5S - Preto,Manutenção LCD/ Touch,M. iPhone 5S,"250,00",3,3.0,OK,,,
2025-07-24,24100,Vidro e touchscreen com LCD iPhone 5S - Branco,Manutenção LCD/ Touch,M. iPhone 5S,"250,00",1,1.0,OK,,,
2025-07-24,2398,Vidro e touchscreen com LCD iPhone 5 - Branco,Manutenção LCD/ Touch,M. iPhone 5,"200,00",1,1.0,OK,,,
2025-07-24,27718,Vidro e touchscreen com LCD iPhone 16 Pro Max - Preto,Manutenção LCD/ Touch,M. iPhone 16 Pro Max,"4.500,00",1,1.0,OK,,,
2025-07-24,27715,Vidro e touchscreen com LCD iPhone 16 - Preto,Manutenção LCD/ Touch,M. iPhone 16,"3.000,00",1,1.0,OK,,,
2025-07-24,28457,Vidro e touchscreen com LCD iPhone 16 (SC) - Preto,Manutenção LCD/ Touch,M. iPhone 16,"3.000,00",1,1.0,OK,,,
2025-07-24,26842,Vidro e touchscreen com LCD iPhone 15 Pro Max - Preto,Manutenção LCD/ Touch,M. iPhone 15 Pro Max,"3.700,00",1,1.0,OK,,,
2025-07-24,27746,Vidro e touchscreen com LCD iPhone 15 Pro Max (SC) - Preto,Manutenção LCD/ Touch,M. iPhone 15 Pro Max,"3.700,00",2,2.0,OK,,,
2025-07-24,26845,Vidro e touchscreen com LCD iPhone 15 Plus - Preto,Manutenção LCD/ Touch,M. iPhone 15 Plus,"3.000,00",1,1.0,OK,,,
2025-07-24,26844,Vidro e touchscreen com LCD iPhone 15 - Preto,Manutenção LCD/ Touch,M. iPhone 15,"2.500,00",2,2.0,OK,,,
2025-07-24,26185,Vidro e touchscreen com LCD iPhone 14 Pro Max - Preto,Manutenção LCD/ Touch,M. iPhone 14 Pro Max,"3.100,00",3,2.0,DIVERGENTE,falta-11181576,Sim,
2025-07-24,27097,Vidro e touchscreen com LCD iPhone 14 Pro Max (SC) - Preto,Manutenção LCD/ Touch,M. iPhone 14 Pro Max,"3.100,00",2,2.0,OK,,,
2025-07-24,26184,Vidro e touchscreen com LCD iPhone 14 Pro - Preto,Manutenção LCD/ Touch,M. iPhone 14 Pro,"2.800,00",3,3.0,OK,,,
2025-07-24,27098,Vidro e touchscreen com LCD iPhone 14 Pro (SC) - Preto,Manutenção LCD/ Touch,M. iPhone 14 Pro,"2.800,00",3,2.0,DIVERGENTE,Falta-10412134,Sim,
2025-07-24,26183,Vidro e touchscreen com LCD iPhone 14 Plus - Preto,Manutenção LCD/ Touch,M. iPhone 14 Plus,"2.500,00",3,3.0,OK,,,
2025-07-24,27090,Vidro e touchscreen com LCD iPhone 14 Plus (SC) - Preto,Manutenção LCD/ Touch,M. iPhone 14 Plus,"2.500,00",2,2.0,OK,,,
2025-07-24,26182,Vidro e touchscreen com LCD iPhone 14 - Preto,Manutenção LCD/ Touch,M. iPhone 14,"2.000,00",3,2.0,DIVERGENTE,falta-8496292,Sim,
2025-07-24,26979,Vidro e touchscreen com LCD iPhone 14 (SC) - Preto,Manutenção LCD/ Touch,M. iPhone 14,"2.000,00",2,2.0,OK,,,
2025-07-24,25489,Vidro e touchscreen com LCD iPhone 13 Pro Max - Preto,Manutenção LCD/ Touch,M. iPhone 13 Pro Max,"2.700,00",2,2.0,OK,,,
2025-07-24,26768,Vidro e touchscreen com LCD iPhone 13 Pro Max (SC) - Preto,Manutenção LCD/ Touch,M. iPhone 13 Pro Max,"2.700,00",2,2.0,OK,,,
2025-07-24,25488,Vidro e touchscreen com LCD iPhone 13 Pro - Preto,Manutenção LCD/ Touch,M. iPhone 13 Pro,"2.400,00",2,2.0,OK,,,
2025-07-24,26769,Vidro e touchscreen com LCD iPhone 13 Pro (SC) - Preto,Manutenção LCD/ Touch,M. iPhone 13 Pro,"2.400,00",2,2.0,OK,,,
2025-07-24,26366,Vidro e touchscreen com LCD iPhone 13 Mini - Preto,Manutenção LCD/ Touch,M. iPhone 13 Mini,"1.500,00",2,2.0,OK,,,
2025-07-24,25487,Vidro e touchscreen com LCD iPhone 13 - Preto,Manutenção LCD/ Touch,M. iPhone 13,"2.000,00",3,3.0,OK,,,
2025-07-24,26601,Vidro e touchscreen com LCD iPhone 13 (SC) - Preto,Manutenção LCD/ Touch,M. iPhone 13,"2.000,00",3,3.0,OK,,,
2025-07-24,24894,Vidro e touchscreen com LCD iPhone 12 Pro Max - Preto,Manutenção LCD/ Touch,M. iPhone 12 Pro Max,"1.800,00",1,1.0,OK,,,
2025-07-24,26600,Vidro e touchscreen com LCD iPhone 12 Pro Max (SC) - Preto,Manutenção LCD/ Touch,M. iPhone 12 Pro Max,"1.800,00",4,4.0,OK,,,
2025-07-24,24892,Vidro e touchscreen com LCD iPhone 12/12 Pro - Preto,Manutenção LCD/ Touch,M. iPhone 12 Pro,"1.700,00",3,3.0,OK,,,
2025-07-24,26599,Vidro e touchscreen com LCD iPhone 12/12 Pro (SC) - Preto,Manutenção LCD/ Touch,M. iPhone 12 Pro,"1.700,00",2,2.0,OK,,,
2025-07-24,24891,Vidro e touchscreen com LCD iPhone 12 Mini - Preto,Manutenção LCD/ Touch,M. iPhone 12 Mini,"1.300,00",1,1.0,OK,,,
2025-07-24,26978,Vidro e touchscreen com LCD iPhone 12 Mini (SC) - Preto,Manutenção LCD/ Touch,M. iPhone 12 Mini,"1.300,00",1,1.0,OK,,,
2025-07-24,24113,Vidro e touchscreen com LCD iPhone 11 Pro Max - Preto,Manutenção LCD/ Touch,M. iPhone 11 Pro Max,"1.300,00",3,3.0,OK,,,
2025-07-24,26767,Vidro e touchscreen com LCD iPhone 11 Pro Max (SC) - Preto,Manutenção LCD/ Touch,M. iPhone 11 Pro Max,"1.300,00",2,2.0,OK,,,
2025-07-24,24112,Vidro e touchscreen com LCD iPhone 11 Pro - Preto,Manutenção LCD/ Touch,M. iPhone 11 Pro,"1.200,00",2,2.0,OK,,,
2025-07-24,26766,Vidro e touchscreen com LCD iPhone 11 Pro (SC) - Preto,Manutenção LCD/ Touch,M. iPhone 11 Pro,"1.200,00",1,1.0,OK, 10404196 / peça danificada ,,
2025-07-24,24111,Vidro e touchscreen com LCD iPhone 11 - Preto,Manutenção LCD/ Touch,M. iPhone 11,"1.000,00",3,3.0,OK,,,
2025-07-24,26598,Vidro e touchscreen com LCD iPhone 11 (SC) - Preto,Manutenção LCD/ Touch,M. iPhone 11,"1.000,00",3,3.0,OK,,,
2025-07-24,24584,Vidro e touchscreen com LCD iPad Pro 9.7 - Preto,Manutenção LCD/ Touch,iPad Pro 9.7p,"1.600,00",1,1.0,OK,,,
2025-07-24,25018,Vidro e touchscreen com LCD iPad Pro 12.9 (3°/4° Ger) - A1876 / A1895 / A1983 / A2014 / A2069 / A2229 / A2235 / A2233,Manutenção LCD/ Touch,iPad Pro 12.9,"3.200,00",1,1.0,OK,,,
2025-07-24,24469,Vidro e touchscreen com LCD iPad Pro 11 (1°/2° Ger) - A1980 / A1934 / A1979 / A2103 / A2268 / A2228 / A2230 / A2231,Manutenção LCD/ Touch,iPad Pro 11,"3.000,00",1,,DIVERGENTE,não encontrei / está no Mega ,Sim,
2025-07-24,24583,Vidro e touchscreen com LCD iPad Pro 10.5 (A1701/A1709) - Preto,Manutenção LCD/ Touch,iPad Pro 10.5,"2.500,00",1,1.0,OK,,,
2025-07-24,24585,Vidro e touchscreen com LCD iPad Pro 9.7 - Branco,Manutenção LCD/ Touch,iPad New 9.7,"1.600,00",1,1.0,OK,,,
2025-07-24,24888,Vidro e touchscreen com LCD iPad Mini 5 - Preto,Manutenção LCD/ Touch,iPad Mini 5,"1.500,00",1,1.0,OK,,,
2025-07-24,23924,LCD para iPad Mini 2/3,Manutenção LCD/ Touch,iPad Mini,"500,00",1,1.0,OK,,,
2025-07-24,23963,Vidro e touchscreen com LCD iPad Mini 4 - Branco,Manutenção LCD/ Touch,iPad Mini,"1.000,00",1,1.0,OK,,,
2025-07-24,23968,Vidro e touchscreen com LCD iPad Mini 4 - Preto,Manutenção LCD/ Touch,iPad Mini,"1.000,00",1,1.0,OK,,,
2025-07-24,24005,Vidro e touchscreen iPad Mini 1/2 - Preto,Manutenção LCD/ Touch,iPad Mini,"400,00",2,2.0,OK,,,
2025-07-24,24007,Vidro e touchscreen iPad Mini 1/2 - Branco,Manutenção LCD/ Touch,iPad Mini,"400,00",2,2.0,OK,,,
2025-07-24,24011,Vidro e touchscreen iPad mini 3 Branco,Manutenção LCD/ Touch,iPad Mini,"400,00",6,6.0,OK,,,
2025-07-24,24330,LCD para iPad Mini,Manutenção LCD/ Touch,iPad Mini,"400,00",2,2.0,OK,,,
2025-07-24,24454,Vidro e touchscreen iPad Mini 3 - Preta,Manutenção LCD/ Touch,iPad Mini,"400,00",3,3.0,OK,,,
2025-07-24,23926,Vidro e touchscreen com LCD iPad Air 2 - Preto,Manutenção LCD/ Touch,iPad Air 2,"1.200,00",2,2.0,OK,,,
2025-07-24,23958,Vidro e touchscreen com LCD iPad Air 2 - Branco,Manutenção LCD/ Touch,iPad Air 2,"1.200,00",1,1.0,OK,,,
2025-07-24,23998,Vidro e touchscreen iPad Air - Preto,Manutenção LCD/ Touch,iPad Air,"300,00",3,3.0,OK,,,
2025-07-24,24001,Vidro e touchscreen iPad Air - Branco,Manutenção LCD/ Touch,iPad Air,"300,00",2,2.0,OK,,,
2025-07-24,24329,LCD para iPad Air/5,Manutenção LCD/ Touch,iPad Air,"600,00",2,2.0,OK,,,
2025-07-24,25633,Vidro e touchscreen iPad 9 - Preto,Manutenção LCD/ Touch,iPad 9. Manut,"1.200,00",1,1.0,OK,,,
2025-07-24,25634,Vidro e touchscreen iPad 9 - Branco,Manutenção LCD/ Touch,iPad 9. Manut,"1.200,00",1,1.0,OK,,,
2025-07-24,24765,Vidro e touchscreen iPad 8 - Preto,Manutenção LCD/ Touch,iPad 8° Ger. 10.2,"1.000,00",1,1.0,OK,,,
2025-07-24,24768,Vidro e touchscreen iPad 8 - Branco,Manutenção LCD/ Touch,iPad 8° Ger. 10.2,"1.000,00",2,2.0,OK,,,
2025-07-24,24115,Vidro e touchscreen iPad 7 - Preto,Manutenção LCD/ Touch,iPad 7° Ger. 10.2p,"900,00",2,2.0,OK,,,
2025-07-24,24166,LCD para iPad 7,Manutenção LCD/ Touch,iPad 7° Ger. 10.2p,"1.200,00",1,1.0,OK,,,
2025-07-24,24170,Vidro e touchscreen iPad 7 - Branco,Manutenção LCD/ Touch,iPad 7° Ger. 10.2p,"900,00",2,2.0,OK,,,
2025-07-24,24003,Vidro e touchscreen iPad 6 - Preto,Manutenção LCD/ Touch,Ipad 6,"500,00",3,3.0,OK,,,
2025-07-24,24116,Vidro e touchscreen iPad 6 - Branco,Manutenção LCD/ Touch,Ipad 6,"500,00",2,1.0,DIVERGENTE,Falta-05530391,Sim,
2025-07-24,24163,LCD para iPad 6,Manutenção LCD/ Touch,Ipad 6,"800,00",2,2.0,OK,,,
2025-07-24,24327,Vidro e touchscreen iPad 5 - Preto,Manutenção LCD/ Touch,iPad 5,"450,00",2,2.0,OK,,,
2025-07-24,24328,Vidro e touchscreen iPad 5 - Branco,Manutenção LCD/ Touch,iPad 5,"450,00",3,2.0,DIVERGENTE,Falta-04707311,Sim,
2025-07-24,23983,LCD para iPad 3/4,Manutenção LCD/ Touch,iPad 3,"300,00",2,2.0,OK,,,
2025-07-24,23993,Vidro e touchscreen iPad 3/4 - Preto,Manutenção LCD/ Touch,iPad 3,"300,00",2,2.0,OK,,,
2025-07-24,23996,Vidro e touchscreen iPad 3/4 Branco,Manutenção LCD/ Touch,iPad 3,"300,00",2,2.0,OK,,,
2025-07-24,23975,Vidro e touchscreen iPad 2 - Preto,Manutenção LCD/ Touch,iPad 2,"250,00",3,3.0,OK,,,
2025-07-24,23980,Vidro e touchscreen iPad 2 - Branco,Manutenção LCD/ Touch,iPad 2,"250,00",2,2.0,OK,,,
2025-07-24,24169,LCD para iPad 2,Manutenção LCD/ Touch,iPad 2,"350,00",1,1.0,OK,,,
2025-07-24,27551,Vidro e touchscreen 10th Generation 2022 A2696 10.9 - Preto,Manutenção LCD/ Touch,iPad 10° Ger. 10.9,"1.500,00",1,1.0,OK,,,
2025-07-24,24886,Vidro e touchscreen com LCD iPad Air 3 Preto,Manutenção LCD/ Touch,iPad,"2.500,00",1,1.0,OK,,,
2025-07-24,24887,Vidro e touchscreen com LCD iPad Air 3 Branco ,Manutenção LCD/ Touch,iPad,"2.400,00",1,1.0,OK,,,
2025-07-24,21315,Antena Wi-Fi - iPhone 6S Plus,Manutenção Wi-Fi,M. iPhone 6S Plus,"200,00",3,3.0,OK,,,
2025-07-24,20722,Flex Power - iPhone 6S Plus,Manutenção Vibra / Volume / Power,M. iPhone 6S Plus,"200,00",2,2.0,OK,,,
2025-07-24,20755,Flex Volume e Vibra - iPhone 6S Plus,Manutenção Vibra / Volume / Power,M. iPhone 6S Plus,"200,00",1,1.0,OK,,,
2025-07-24,20723,Speaker - iPhone 6S Plus,Manutenção Speaker,M. iPhone 6S Plus,"200,00",3,3.0,OK,,,
2025-07-24,20719,Flex Home iPhone 6S Plus - Preto,Manutenção Flex do Home,M. iPhone 6S Plus,"200,00",1,1.0,OK,,,
2025-07-24,20720,Flex Home iPhone 6S Plus - Prata,Manutenção Flex do Home,M. iPhone 6S Plus,"200,00",1,1.0,OK,,,
2025-07-24,20721,Flex Home iPhone 6S Plus - Dourado,Manutenção Flex do Home,M. iPhone 6S Plus,"200,00",3,3.0,OK,,,
2025-07-24,21300,Flex Home iPhone 6S Plus - Rosê,Manutenção Flex do Home,M. iPhone 6S Plus,"200,00",1,1.0,OK,,,
2025-07-24,24588,Flex de conector de carga para iPhone 6S Plus - Branco,Manutenção Conector,M. iPhone 6S Plus,"200,00",3,3.0,OK,,,
2025-07-24,24589,Flex de conector de carga para iPhone 6S Plus - Cinza,Manutenção Conector,M. iPhone 6S Plus,"200,00",2,2.0,OK,,,
2025-07-24,23904,Câmera Traseira para iPhone 6S Plus,Manutenção Câmera,M. iPhone 6S Plus,"200,00",2,2.0,OK,,,
2025-07-24,23905,Câmera Frontal e Sensor para iPhone 6S Plus,Manutenção Câmera,M. iPhone 6S Plus,"200,00",2,2.0,OK,,,
2025-07-24,23902,Antena Wi-Fi para iPhone 6S,Manutenção Wi-Fi,M. iPhone 6S,"200,00",3,3.0,OK,,,
2025-07-24,8154,Flex Power/Volume/Vibra - iPhone 6S,Manutenção Vibra / Volume / Power,M. iPhone 6S,"200,00",2,2.0,OK,,,
2025-07-24,8153,Speaker - iPhone 6S,Manutenção Speaker,M. iPhone 6S,"200,00",3,3.0,OK,,,
2025-07-24,8145,Flex Home iPhone 6S - Prata,Manutenção Flex do Home,M. iPhone 6S,"200,00",3,3.0,OK,,,
2025-07-24,21299,Flex Home iPhone 6S - Dourado,Manutenção Flex do Home,M. iPhone 6S,"200,00",3,3.0,OK,,,
2025-07-24,24118,Flex de Conector de Carga para iPhone 6S - Branco,Manutenção Conector,M. iPhone 6S,"200,00",3,3.0,OK,,,
2025-07-24,24417,Flex de Conector de Carga para iPhone 6S - Cinza Escuro,Manutenção Conector,M. iPhone 6S,"200,00",1,1.0,OK,,,
2025-07-24,24032,Câmera Traseira para iPhone 6S,Manutenção Câmera,M. iPhone 6S,"200,00",3,3.0,OK,,,
2025-07-24,24033,Câmera Frontal e Sensor para iPhone 6S,Manutenção Câmera,M. iPhone 6S,"200,00",3,3.0,OK,,,
2025-07-24,8152,Alto-Falante iPhone 6S,Manutenção Alto Falante,M. iPhone 6S,"200,00",1,1.0,OK,,,
2025-07-24,21069,Antena Wi-Fi - iPhone 6 Plus,Manutenção Wi-Fi,M. iPhone 6 Plus,"180,00",2,2.0,OK,,,
2025-07-24,4348,Flex Volume e Vibra - iPhone 6 Plus,Manutenção Vibra / Volume / Power,M. iPhone 6 Plus,"180,00",2,2.0,OK,,,
2025-07-24,4349,Flex Power - iPhone 6 Plus,Manutenção Vibra / Volume / Power,M. iPhone 6 Plus,"180,00",3,3.0,OK,,,
2025-07-24,4352,Motor do Vibra - iPhone 6 Plus,Manutenção Vibra / Volume / Power,M. iPhone 6 Plus,"180,00",3,3.0,OK,,,
2025-07-24,4981,Speaker - iPhone 6 Plus,Manutenção Speaker,M. iPhone 6 Plus,"180,00",2,2.0,OK,,,
2025-07-24,4355,Flex Home iPhone 6 Plus - Prata,Manutenção Flex do Home,M. iPhone 6 Plus,"180,00",2,2.0,OK,,,
2025-07-24,4356,Flex Home iPhone 6 Plus - Dourado,Manutenção Flex do Home,M. iPhone 6 Plus,"180,00",3,3.0,OK,,,
2025-07-24,24029,Flex de Conector de Carga para iPhone 6 Plus Cinza Escuro,Manutenção Conector,M. iPhone 6 Plus,"180,00",3,3.0,OK,,,
2025-07-24,24031,Flex de Conector de Carga para iPhone 6 Plus Branco,Manutenção Conector,M. iPhone 6 Plus,"180,00",1,1.0,OK,,,
2025-07-24,4350,Câmera Frontal e Sensor de Proximidade - iPhone 6 Plus,Manutenção Câmera,M. iPhone 6 Plus,"0,00",2,2.0,OK,,,
2025-07-24,24025,Câmera Traseira para iPhone 6 Plus,Manutenção Câmera,M. iPhone 6 Plus,"180,00",2,2.0,OK,,,
2025-07-24,24027,Câmera Frontal e Sensor para iPhone 6 Plus,Manutenção Câmera,M. iPhone 6 Plus,"180,00",1,1.0,OK,,,
2025-07-24,4353,Alto-Falante iPhone 6 Plus,Manutenção Alto Falante,M. iPhone 6 Plus,"180,00",3,3.0,OK,,,
2025-07-24,20737,Antena Wi-Fi - iPhone 6,Manutenção Wi-Fi,M. iPhone 6,"180,00",2,2.0,OK,,,
2025-07-24,4362,Flex Volume e Vibra - iPhone 6,Manutenção Vibra / Volume / Power,M. iPhone 6,"180,00",3,3.0,OK,,,
2025-07-24,4363,Flex Power - iPhone 6,Manutenção Vibra / Volume / Power,M. iPhone 6,"180,00",2,2.0,OK,,,
2025-07-24,4366,Motor do Vibra - iPhone 6,Manutenção Vibra / Volume / Power,M. iPhone 6,"180,00",3,3.0,OK,,,
2025-07-24,4367,Speaker - iPhone 6,Manutenção Speaker,M. iPhone 6,"180,00",3,3.0,OK,,,
2025-07-24,4456,Flex Home iPhone 6 - Prata,Manutenção Flex do Home,M. iPhone 6,"100,00",1,1.0,OK,,,
2025-07-24,4457,Flex Home iPhone 6 - Dourado,Manutenção Flex do Home,M. iPhone 6,"100,00",1,1.0,OK,,,
2025-07-24,4460,Conector de Carga iPhone 6 - Cinza Escuro,Manutenção Conector,M. iPhone 6,"180,00",2,2.0,OK,,,
2025-07-24,24415,Flex de Conector de Carga para iPhone 6 - Branco,Manutenção Conector,M. iPhone 6,"180,00",1,1.0,OK,,,
2025-07-24,24416,Flex de Conector de Carga para iPhone 6 - Cinza Claro,Manutenção Conector,M. iPhone 6,"180,00",2,2.0,OK,,,
2025-07-24,4365,Câmera Traseira - iPhone 6,Manutenção Câmera,M. iPhone 6,"180,00",3,3.0,OK,,,
2025-07-24,24413,Câmera Frontal e Sensor para iPhone 6,Manutenção Câmera,M. iPhone 6,"180,00",3,3.0,OK,,,
2025-07-24,4658,Alto-Falante iPhone 6,Manutenção Alto Falante,M. iPhone 6,"180,00",3,3.0,OK,,,
2025-07-24,3882,Flex Power/Volume/Vibra - iPhone 5S,Manutenção Vibra / Volume / Power,M. iPhone 5S,"200,00",2,2.0,OK,,,
2025-07-24,4395,Motor do Vibra - iPhone 5S/SE,Manutenção Vibra / Volume / Power,M. iPhone 5S,"200,00",2,2.0,OK,,,
2025-07-24,3969,Speaker - iPhone 5S/SE,Manutenção Speaker,M. iPhone 5S,"150,00",4,4.0,OK,,,
2025-07-24,3555,Flex Home iPhone 5S/SE - Prata,Manutenção Flex do Home,M. iPhone 5S,"150,00",2,2.0,OK,,,
2025-07-24,24586,Flex de conector de carga para iPhone 5S - Preto,Manutenção Conector,M. iPhone 5S,"200,00",3,3.0,OK,,,
2025-07-24,24587,Flex de conector de carga para iPhone 5S - Branco,Manutenção Conector,M. iPhone 5S,"200,00",3,3.0,OK,,,
2025-07-24,3800,Câmera Traseira - iPhone 5S,Manutenção Câmera,M. iPhone 5S,"200,00",1,1.0,OK,,,
2025-07-24,23987,Câmera Frontal e Sensor para iPhone 5S/SE,Manutenção Câmera,M. iPhone 5S,"200,00",2,2.0,OK,,,
2025-07-24,3751,Alto-Falante iPhone 5S/SE,Manutenção Alto Falante,M. iPhone 5S,"200,00",3,3.0,OK,,,
2025-07-24,322,Flex Home - iPhone 4,Manutenção Flex do Home,M. iPhone 4,"50,00",1,1.0,OK,,,
2025-07-24,313,Flex Volume/P2 - iPhone 4,Manutenção Flex do Fone,M. iPhone 4,"80,00",1,1.0,OK,,,
2025-07-24,27810,Câmera traseira do iPhone 16 Pro Max,Manutenção Câmera,M. iPhone 16 Pro Max,"2.500,00",1,1.0,OK,,,
2025-07-24,27814,Câmera frontal do iPhone 16 Pro Max,Manutenção Câmera,M. iPhone 16 Pro Max,"2.800,00",1,1.0,OK,,,
2025-07-24,27824,Lente de Câmera iPhone 16 Pro Max - P,Manutenção Câmera,M. iPhone 16 Pro Max,"600,00",2,2.0,OK,,,
2025-07-24,27825,Lente de Câmera iPhone 16 Pro Max - M,Manutenção Câmera,M. iPhone 16 Pro Max,"600,00",2,2.0,OK,,,
2025-07-24,27826,Lente de Câmera iPhone 16 Pro Max - G,Manutenção Câmera,M. iPhone 16 Pro Max,"600,00",2,2.0,OK,,,
2025-07-24,27809,Câmera traseira do iPhone 16 Pro,Manutenção Câmera,M. iPhone 16 Pro,"0,00",1,1.0,OK,,,
2025-07-24,27822,Lente de Câmera iPhone 16 Pro - M,Manutenção Câmera,M. iPhone 16 Pro,"0,00",2,2.0,OK,,,
2025-07-24,27811,Câmera frontal do iPhone 16,Manutenção Câmera,M. iPhone 16,"1.800,00",1,1.0,OK,,,
2025-07-24,28092,Câmera frontal do iPhone 16 Pro,Manutenção Câmera,M. iPhone 16,"1.000,00",1,1.0,OK,,,
2025-07-24,27116,Flex sensor / microfone da câmera do iPhone 15 Pro Max,Manutenção Flex do Sensor,M. iPhone 15 Pro Max,"1.700,00",2,2.0,OK,,,
2025-07-24,27260,Conector de Carga iPhone 15 Pro Max - Preto,Manutenção Conector,M. iPhone 15 Pro Max,"2.000,00",2,2.0,OK,,,
2025-07-24,27261,Conector de Carga iPhone 15 Pro Max - Branco,Manutenção Conector,M. iPhone 15 Pro Max,"2.000,00",2,2.0,OK,,,
2025-07-24,27112,Lente de Vidro da Câmera para iPhone 15 Pro Max - P,Manutenção Câmera,M. iPhone 15 Pro Max,"600,00",1,1.0,OK,,,
2025-07-24,27113,Lente de Vidro da Câmera para iPhone 15 Pro Max - M,Manutenção Câmera,M. iPhone 15 Pro Max,"600,00",2,2.0,OK,,,
2025-07-24,27114,Lente de Vidro da Câmera para iPhone 15 Pro Max - G,Manutenção Câmera,M. iPhone 15 Pro Max,"600,00",1,1.0,OK,,,
2025-07-24,27235,Flex flash do iPhone 15 Pro Max,Manutenção Câmera,M. iPhone 15 Pro Max,"1.500,00",1,1.0,OK,,,
2025-07-24,27125,Flex sensor / microfone da câmera do iPhone 15 Pro,Manutenção Flex do Sensor,M. iPhone 15 Pro,"1.300,00",2,2.0,OK,,,
2025-07-24,27258,Conector de Carga iPhone 15 Pro - Branco,Manutenção Conector,M. iPhone 15 Pro,"2.000,00",2,2.0,OK,,,
2025-07-24,27259,Conector de Carga iPhone 15 Pro - Preto,Manutenção Conector,M. iPhone 15 Pro,"2.000,00",2,2.0,OK,,,
2025-07-24,27109,Lente de Vidro da Câmera para iPhone 15 Pro - P,Manutenção Câmera,M. iPhone 15 Pro,"600,00",2,2.0,OK,,,
2025-07-24,27110,Lente de Vidro da Câmera para iPhone 15 Pro - M,Manutenção Câmera,M. iPhone 15 Pro,"600,00",1,1.0,OK,,,
2025-07-24,27111,Lente de Vidro da Câmera para iPhone 15 Pro - G,Manutenção Câmera,M. iPhone 15 Pro,"600,00",2,2.0,OK,,,
2025-07-24,27483,Câmera traseira do iPhone 15 Pro,Manutenção Câmera,M. iPhone 15 Pro,"1.800,00",1,1.0,OK,,,
2025-07-24,27184,Flex sensor / microfone da câmera do iPhone 15 Plus,Manutenção Flex do Sensor,M. iPhone 15 Plus,"1.500,00",2,2.0,OK,,,
2025-07-24,27233,Flex flash do iPhone 15 Plus,Manutenção Câmera,M. iPhone 15 Plus,"1.500,00",1,1.0,OK,,,
2025-07-24,27115,Flex sensor / microfone da câmera do iPhone 15,Manutenção Flex do Sensor,M. iPhone 15,"1.300,00",2,2.0,OK,,,
2025-07-24,27256,Conector de Carga iPhone 15 - Preto,Manutenção Conector,M. iPhone 15,"1.800,00",2,2.0,OK,,,
2025-07-24,27257,Conector de Carga iPhone 15 - Branco,Manutenção Conector,M. iPhone 15,"1.800,00",2,2.0,OK,,,
2025-07-24,27108,Lente de Vidro da Câmera para iPhone 15,Manutenção Câmera,M. iPhone 15,"600,00",2,2.0,OK,,,
2025-07-24,27482,Câmera traseira do iPhone 15,Manutenção Câmera,M. iPhone 15,"1.500,00",1,1.0,OK,,,
2025-07-24,27449,Flex power do iPhone 14 Pro Max,Manutenção Vibra / Volume / Power,M. iPhone 14 Pro Max,"800,00",2,2.0,OK,,,
2025-07-24,26378,Flex sensor / microfone da câmera do iPhone 14 Pro Max,Manutenção Flex do Sensor,M. iPhone 14 Pro Max,"1.500,00",3,3.0,OK,,,
2025-07-24,26412,Conector de carga do iPhone 14 Pro Max - Roxo-profundo,Manutenção Conector,M. iPhone 14 Pro Max,"1.300,00",2,2.0,OK,,,
2025-07-24,26413,Conector de carga do iPhone 14 Pro Max - Dourado,Manutenção Conector,M. iPhone 14 Pro Max,"1.300,00",2,2.0,OK,,,
2025-07-24,26414,Conector de carga do iPhone 14 Pro Max - Branco,Manutenção Conector,M. iPhone 14 Pro Max,"1.300,00",2,2.0,OK,,,
2025-07-24,26415,Conector de carga do iPhone 14 Pro Max - Preto,Manutenção Conector,M. iPhone 14 Pro Max,"1.300,00",2,2.0,OK,,,
2025-07-24,26206,Lente de Vidro da Câmera para iPhone 14 Pro Max - P,Manutenção Câmera,M. iPhone 14 Pro Max,"400,00",2,2.0,OK,,,
2025-07-24,26207,Lente de Vidro da Câmera para iPhone 14 Pro Max - M,Manutenção Câmera,M. iPhone 14 Pro Max,"400,00",2,2.0,OK,,,
2025-07-24,26208,Lente de Vidro da Câmera para iPhone 14 Pro Max - G,Manutenção Câmera,M. iPhone 14 Pro Max,"400,00",2,2.0,OK,,,
2025-07-24,26389,Flex flash do iPhone 14 Pro Max,Manutenção Câmera,M. iPhone 14 Pro Max,"1.300,00",2,2.0,OK,,,
2025-07-24,26387,Alto-falante auricular do iPhone 14 Pro Max,Manutenção Alto Falante,M. iPhone 14 Pro Max,"700,00",2,2.0,OK,,,
2025-07-24,26377,Flex sensor / microfone da câmera do iPhone 14 Pro,Manutenção Flex do Sensor,M. iPhone 14 Pro,"1.000,00",2,2.0,OK,,,
2025-07-24,26409,Conector de carga do iPhone 14 Pro - Roxo-profundo,Manutenção Conector,M. iPhone 14 Pro,"800,00",2,2.0,OK,,,
2025-07-24,26410,Conector de carga do iPhone 14 Pro - Dourado,Manutenção Conector,M. iPhone 14 Pro,"800,00",2,2.0,OK,,,
2025-07-24,26411,Conector de carga do iPhone 14 Pro - Branco,Manutenção Conector,M. iPhone 14 Pro,"800,00",1,1.0,OK,,,
2025-07-24,26203,Lente de Vidro da Câmera para iPhone 14 Pro - P,Manutenção Câmera,M. iPhone 14 Pro,"400,00",3,3.0,OK,,,
2025-07-24,26204,Lente de Vidro da Câmera para iPhone 14 Pro - M,Manutenção Câmera,M. iPhone 14 Pro,"400,00",1,1.0,OK,,,
2025-07-24,26205,Lente de Vidro da Câmera para iPhone 14 Pro - G,Manutenção Câmera,M. iPhone 14 Pro,"400,00",2,2.0,OK,,,
2025-07-24,26373,Câmera traseira do iPhone 14 Pro,Manutenção Câmera,M. iPhone 14 Pro,"1.500,00",1,1.0,OK,,,
2025-07-24,26386,Alto-falante auricular do iPhone 14 Pro,Manutenção Alto Falante,M. iPhone 14 Pro,"700,00",2,2.0,OK,,,
2025-07-24,26376,Flex sensor / microfone da câmera do iPhone 14 Plus,Manutenção Flex do Sensor,M. iPhone 14 Plus,"1.000,00",2,2.0,OK,,,
2025-07-24,26405,Conector de carga do iPhone 14 Plus - Preto,Manutenção Conector,M. iPhone 14 Plus,"800,00",1,1.0,OK,,,
2025-07-24,26406,Conector de carga do iPhone 14 Plus - Branco,Manutenção Conector,M. iPhone 14 Plus,"800,00",2,2.0,OK,,,
2025-07-24,26408,Conector de carga do iPhone 14 Plus - Vermelho,Manutenção Conector,M. iPhone 14 Plus,"800,00",1,1.0,OK,,,
2025-07-24,26202,Lente de Vidro da Câmera para iPhone 14 Plus - G,Manutenção Câmera,M. iPhone 14 Plus,"400,00",1,1.0,OK,,,
2025-07-24,26372,Câmera traseira do iPhone 14 Plus,Manutenção Câmera,M. iPhone 14 Plus,"1.200,00",2,2.0,OK,,,
2025-07-24,26385,Alto-falante auricular do iPhone 14 Plus,Manutenção Alto Falante,M. iPhone 14 Plus,"700,00",2,2.0,OK,,,
2025-07-24,26382,Flex volume / vibra do iPhone 14,Manutenção Vibra / Volume / Power,M. iPhone 14,"800,00",2,2.0,OK,,,
2025-07-24,26375,Flex sensor / microfone da câmera do iPhone 14,Manutenção Flex do Sensor,M. iPhone 14,"800,00",2,2.0,OK,,,
2025-07-24,26401,Conector de carga do iPhone 14 - Preto,Manutenção Conector,M. iPhone 14,"800,00",2,2.0,OK,,,
2025-07-24,26402,Conector de carga do iPhone 14 - Branco,Manutenção Conector,M. iPhone 14,"800,00",2,2.0,OK,,,
2025-07-24,26403,Conector de carga do iPhone 14 - Azul,Manutenção Conector,M. iPhone 14,"800,00",2,2.0,OK,,,
2025-07-24,26404,Conector de carga do iPhone 14 - Vermelho,Manutenção Conector,M. iPhone 14,"800,00",2,2.0,OK,,,
2025-07-24,26190,Lente de Vidro da Câmera para iPhone 14 - G,Manutenção Câmera,M. iPhone 14,"400,00",1,1.0,OK,,,
2025-07-24,26371,Câmera traseira do iPhone 14,Manutenção Câmera,M. iPhone 14,"1.000,00",1,1.0,OK,,,
2025-07-24,26384,Alto-falante auricular do iPhone 14,Manutenção Alto Falante,M. iPhone 14,"600,00",2,2.0,OK,,,
2025-07-24,26258,Flex volume / power / vibra / indução - iPhone 13 Pro Max,Manutenção Vibra / Volume / Power,M. iPhone 13 Pro Max,"800,00",2,2.0,OK,,,
2025-07-24,26131,Flex microfone da câmera traseira - iPhone 13 Pro Max,Manutenção Microfone,M. iPhone 13 Pro Max,"800,00",1,1.0,OK,,,
2025-07-24,26132,Flex sensor face ID - iPhone 13 Pro Max,Manutenção Flex do Sensor,M. iPhone 13 Pro Max,"800,00",2,2.0,OK,,,
2025-07-24,26260,Flex do flash - iPhone 13 Pro Max,Manutenção Flex do Sensor,M. iPhone 13 Pro Max,"900,00",1,1.0,OK,,,
2025-07-24,25494,Conector de Carga iPhone 13 Pro Max - Branco,Manutenção Conector,M. iPhone 13 Pro Max,"800,00",2,2.0,OK,,,
2025-07-24,23944,Tampa de vidro com lente traseira para iPhone XS Max - Branco,Manutenção Carcaça/Vidro Traseiro,M. iPhone XS Max,"500,00",2,2.0,OK,,,
2025-07-24,23946,Tampa de vidro com lente traseira para iPhone XS Max - Preto,Manutenção Carcaça/Vidro Traseiro,M. iPhone XS Max,"500,00",2,2.0,OK,,,
2025-07-24,24021,Aro com carcaça metalica para iPhone XS Max - Preto,Manutenção Carcaça/Vidro Traseiro,M. iPhone XS Max,"900,00",1,1.0,OK,,,
2025-07-24,24022,Aro com carcaça metalica para iPhone XS Max - Branco,Manutenção Carcaça/Vidro Traseiro,M. iPhone XS Max,"900,00",1,1.0,OK,,,
2025-07-24,24024,Aro com carcaça metalica para iPhone XS Max - Dourado,Manutenção Carcaça/Vidro Traseiro,M. iPhone XS Max,"900,00",1,1.0,OK,,,
2025-07-24,24117,Tampa de vidro com lente traseira para iPhone XS Max - Dourado,Manutenção Carcaça/Vidro Traseiro,M. iPhone XS Max,"500,00",2,2.0,OK,,,
2025-07-24,22666,Tampa Traseira iPhone XR - Preto,Manutenção Carcaça/Vidro Traseiro,M. iPhone XR,"0,00",1,,DIVERGENTE," não encontrei , possivel compra de codigo novo e o antigo não foi removido  .",Sim,
2025-07-24,23003,Tampa Traseira iPhone XR - Coral,Manutenção Carcaça/Vidro Traseiro,M. iPhone XR,"600,00",1,1.0,OK,,,
2025-07-24,23004,Tampa Traseira iPhone XR - Azul,Manutenção Carcaça/Vidro Traseiro,M. iPhone XR,"600,00",2,2.0,OK,,,
2025-07-24,23990,Tampa de vidro com lente traseira para iPhone XR Preto,Manutenção Carcaça/Vidro Traseiro,M. iPhone XR,"600,00",2,2.0,OK,,,
2025-07-24,23994,Tampa de vidro com lente traseira para iPhone XR Branco,Manutenção Carcaça/Vidro Traseiro,M. iPhone XR,"600,00",2,2.0,OK,,,
2025-07-24,24008,Aro com carcaça metalica para iPhone XR Branco,Manutenção Carcaça/Vidro Traseiro,M. iPhone XR,"800,00",1,1.0,OK,,,
2025-07-24,24123,Tampa de vidro com lente traseira para iPhone XR - Vermelho,Manutenção Carcaça/Vidro Traseiro,M. iPhone XR,"600,00",2,2.0,OK,,,
2025-07-24,23974,Tampa de vidro com lente traseira para iPhone X Branco,Manutenção Carcaça/Vidro Traseiro,M. iPhone X,"500,00",3,3.0,OK,,,
2025-07-24,23982,Tampa de vidro com lente traseira para iPhone X Preto,Manutenção Carcaça/Vidro Traseiro,M. iPhone X,"500,00",3,3.0,OK,,,
2025-07-24,24002,Aro com carcaça metalica para iPhone X Preto,Manutenção Carcaça/Vidro Traseiro,M. iPhone X,"700,00",1,1.0,OK,,,
2025-07-24,24004,Aro com carcaça metalica para iPhone X Branco,Manutenção Carcaça/Vidro Traseiro,M. iPhone X,"700,00",1,1.0,OK,,,
2025-07-24,25259,Tampa Traseira iPhone SE 2 - Branco,Manutenção Carcaça/Vidro Traseiro,M. iPhone SE 2,"300,00",1,1.0,OK,,,
2025-07-24,25260,Tampa Traseira iPhone SE 2 - Preto,Manutenção Carcaça/Vidro Traseiro,M. iPhone SE 2,"300,00",3,3.0,OK,,,
2025-07-24,25261,Tampa Traseira iPhone SE 2 - Vermelho,Manutenção Carcaça/Vidro Traseiro,M. iPhone SE 2,"300,00",1,1.0,OK,,,
2025-07-24,25262,Carcaça Completa iPhone SE 2 - Branco,Manutenção Carcaça/Vidro Traseiro,M. iPhone SE 2,"700,00",1,1.0,OK,,,
2025-07-24,25263,Carcaça Completa iPhone SE 2 - Preto,Manutenção Carcaça/Vidro Traseiro,M. iPhone SE 2,"700,00",2,2.0,OK,,,
2025-07-24,25264,Carcaça Completa iPhone SE 2 - Vermelho,Manutenção Carcaça/Vidro Traseiro,M. iPhone SE 2,"700,00",1,1.0,OK,,,
2025-07-24,21583,Tampa Traseira iPhone 8 Plus - Branco,Manutenção Carcaça/Vidro Traseiro,M. iPhone 8 Plus,"300,00",3,3.0,OK,,,
2025-07-24,23977,Tampa de vidro com lente traseira para iPhone 8 Plus Vermelho,Manutenção Carcaça/Vidro Traseiro,M. iPhone 8 Plus,"300,00",1,1.0,OK,,,
2025-07-24,23979,Tampa de vidro com lente traseira para iPhone 8 Plus Dourado,Manutenção Carcaça/Vidro Traseiro,M. iPhone 8 Plus,"300,00",1,1.0,OK,,,
2025-07-24,24028,Aro com carcaça metalica para iPhone 8 Plus Dourado,Manutenção Carcaça/Vidro Traseiro,M. iPhone 8 Plus,"500,00",2,2.0,OK,,,
2025-07-24,24432,Tampa de vidro com lente traseira para iPhone 8 Plus - Preta,Manutenção Carcaça/Vidro Traseiro,M. iPhone 8 Plus,"300,00",2,2.0,OK,,,
2025-07-24,21575,Tampa Traseira iPhone 8 - Preta,Manutenção Carcaça/Vidro Traseiro,M. iPhone 8,"0,00",2,2.0,OK,,,
2025-07-24,23961,Tampa de vidro com lente traseira para iPhone 8 Branco,Manutenção Carcaça/Vidro Traseiro,M. iPhone 8,"300,00",2,2.0,OK,,,
2025-07-24,23964,Tampa de vidro com lente traseira para iPhone 8 Vermelho,Manutenção Carcaça/Vidro Traseiro,M. iPhone 8,"300,00",2,2.0,OK,,,
2025-07-24,23966,Tampa de vidro com lente traseira para iPhone 8 Dourado,Manutenção Carcaça/Vidro Traseiro,M. iPhone 8,"300,00",2,2.0,OK,,,
2025-07-24,24014,Aro com carcaça metalica para iPhone 8 Branco,Manutenção Carcaça/Vidro Traseiro,M. iPhone 8,"400,00",1,1.0,OK,,,
2025-07-24,24016,Aro com carcaça metalica para iPhone 8 Preto,Manutenção Carcaça/Vidro Traseiro,M. iPhone 8,"400,00",1,1.0,OK,,,
2025-07-24,24018,Aro com carcaça metalica para iPhone 8 Vermelho,Manutenção Carcaça/Vidro Traseiro,M. iPhone 8,"500,00",2,2.0,OK,,,
2025-07-24,24428,Tampa de vidro com lente traseira para iPhone 8 - Preta,Manutenção Carcaça/Vidro Traseiro,M. iPhone 8,"300,00",2,2.0,OK,,,
2025-07-24,24430,Aro com carcaça metálica para iPhone 8 - Dourado,Manutenção Carcaça/Vidro Traseiro,M. iPhone 8,"400,00",1,1.0,OK,,,
2025-07-24,21464,Carcaça iPhone 7 Plus - Dourada,Manutenção Carcaça/Vidro Traseiro,M. iPhone 7 Plus,"350,00",1,1.0,OK,,,
2025-07-24,21466,Carcaça iPhone 7 Plus - Red,Manutenção Carcaça/Vidro Traseiro,M. iPhone 7 Plus,"350,00",1,1.0,OK,,,
2025-07-24,21467,Carcaça iPhone 7 Plus - Prata,Manutenção Carcaça/Vidro Traseiro,M. iPhone 7 Plus,"350,00",1,1.0,OK,,,
2025-07-24,21458,Carcaça iPhone 7 - Prata,Manutenção Carcaça/Vidro Traseiro,M. iPhone 7,"300,00",1,1.0,OK,,,
2025-07-24,21462,Carcaça iPhone 7 - Dourada,Manutenção Carcaça/Vidro Traseiro,M. iPhone 7,"300,00",1,1.0,OK,,,
2025-07-24,21463,Carcaça iPhone 7 - RED,Manutenção Carcaça/Vidro Traseiro,M. iPhone 7,"300,00",1,1.0,OK,,,
2025-07-24,21682,Carcaça iPhone 7 - Preta,Manutenção Carcaça/Vidro Traseiro,M. iPhone 7,"300,00",1,1.0,OK,,,
2025-07-24,21311,Carcaça iPhone 6S Plus - Dourada,Manutenção Carcaça/Vidro Traseiro,M. iPhone 6S Plus,"300,00",1,1.0,OK,,,
2025-07-24,21312,Carcaça iPhone 6S Plus - Cinza Espacial,Manutenção Carcaça/Vidro Traseiro,M. iPhone 6S Plus,"300,00",1,1.0,OK,,,
2025-07-24,5702,Carcaça iPhone 6S - Prata,Manutenção Carcaça/Vidro Traseiro,M. iPhone 6S,"200,00",1,1.0,OK,,,
2025-07-24,5704,Carcaça iPhone 6S - Cinza Espacial,Manutenção Carcaça/Vidro Traseiro,M. iPhone 6S,"200,00",1,1.0,OK,,,
2025-07-24,5049,Carcaça iPhone 6 Plus - Cinza Espacial,Manutenção Carcaça/Vidro Traseiro,M. iPhone 6 Plus,"250,00",1,1.0,OK,,,
2025-07-24,8520,Carcaça iPhone 6 Plus - Dourada,Manutenção Carcaça/Vidro Traseiro,M. iPhone 6 Plus,"250,00",1,1.0,OK,,,
2025-07-24,4725,Carcaça iPhone 6 - Prata,Manutenção Carcaça/Vidro Traseiro,M. iPhone 6,"180,00",1,1.0,OK,,,
2025-07-24,4726,Carcaça iPhone 6 - Cinza Espacial,Manutenção Carcaça/Vidro Traseiro,M. iPhone 6,"180,00",1,,DIVERGENTE,não encontrei ,Sim,
2025-07-24,4727,Carcaça iPhone 6 - Dourada,Manutenção Carcaça/Vidro Traseiro,M. iPhone 6,"180,00",1,1.0,OK,,,
2025-07-24,3823,Carcaça iPhone 5S - Prata,Manutenção Carcaça/Vidro Traseiro,M. iPhone 5S,"200,00",1,1.0,OK,,,
2025-07-24,4312,Carcaça iPhone 5S - Cinza Espacial,Manutenção Carcaça/Vidro Traseiro,M. iPhone 5S,"200,00",1,1.0,OK,,,
2025-07-24,27786,Tampa traseira de vidro para iPhone 16 Pro Max - Titânio Deserto,Manutenção Carcaça/Vidro Traseiro,M. iPhone 16 Pro Max,"2.500,00",1,1.0,OK,,,
2025-07-24,27781,Tampa traseira de vidro para iPhone 16 Pro - Titânio Natural,Manutenção Carcaça/Vidro Traseiro,M. iPhone 16 Pro,"2.300,00",1,1.0,OK,,,
2025-07-24,27768,Tampa traseira de vidro para iPhone 16  - Preto,Manutenção Carcaça/Vidro Traseiro,M. iPhone 16,"2.000,00",2,2.0,OK,,,
2025-07-24,27769,Tampa traseira de vidro para iPhone 16  - Branco,Manutenção Carcaça/Vidro Traseiro,M. iPhone 16,"2.000,00",2,2.0,OK,,,
2025-07-24,27770,Tampa traseira de vidro para iPhone 16 - Rosa,Manutenção Carcaça/Vidro Traseiro,M. iPhone 16,"2.000,00",2,2.0,OK,,,
2025-07-24,27771,Tampa traseira de vidro para iPhone 16 - Verde-Acinzentado,Manutenção Carcaça/Vidro Traseiro,M. iPhone 16,"2.000,00",2,2.0,OK,,,
2025-07-24,27772,Tampa traseira de vidro para iPhone 16 - Ultramarino,Manutenção Carcaça/Vidro Traseiro,M. iPhone 16,"2.000,00",2,2.0,OK,,,
2025-07-24,27069,Tampa traseira de vidro para iPhone 15 Pro Max - Preto,Manutenção Carcaça/Vidro Traseiro,M. iPhone 15 Pro Max,"2.500,00",3,3.0,OK,,,
2025-07-24,27070,Tampa traseira de vidro para iPhone 15 Pro Max - Azul,Manutenção Carcaça/Vidro Traseiro,M. iPhone 15 Pro Max,"2.500,00",3,3.0,OK,,,
2025-07-24,27071,Tampa traseira de vidro para iPhone 15 Pro Max - Prata,Manutenção Carcaça/Vidro Traseiro,M. iPhone 15 Pro Max,"2.500,00",2,2.0,OK,,,
2025-07-24,27072,Tampa traseira de vidro para iPhone 15 Pro Max - Natural,Manutenção Carcaça/Vidro Traseiro,M. iPhone 15 Pro Max,"2.500,00",2,2.0,OK,,,
2025-07-24,27065,Tampa traseira de vidro para iPhone 15 Pro - Preto,Manutenção Carcaça/Vidro Traseiro,M. iPhone 15 Pro,"2.300,00",1,1.0,OK,,,
2025-07-24,27066,Tampa traseira de vidro para iPhone 15 Pro - Azul,Manutenção Carcaça/Vidro Traseiro,M. iPhone 15 Pro,"2.300,00",3,3.0,OK,,,
2025-07-24,27067,Tampa traseira de vidro para iPhone 15 Pro - Prata,Manutenção Carcaça/Vidro Traseiro,M. iPhone 15 Pro,"2.300,00",2,2.0,OK,,,
2025-07-24,27068,Tampa traseira de vidro para iPhone 15 Pro - Natural,Manutenção Carcaça/Vidro Traseiro,M. iPhone 15 Pro,"2.300,00",3,3.0,OK,,,
2025-07-24,27251,Aro Metálico para iPhone 15 Pro - Azul,Manutenção Carcaça/Vidro Traseiro,M. iPhone 15 Pro,"1.700,00",1,1.0,OK,,,
2025-07-24,27060,Tampa traseira de vidro para iPhone 15 Plus - Rosa,Manutenção Carcaça/Vidro Traseiro,M. iPhone 15 Plus,"2.200,00",1,1.0,OK,,,
2025-07-24,27061,Tampa traseira de vidro para iPhone 15 Plus - Preto,Manutenção Carcaça/Vidro Traseiro,M. iPhone 15 Plus,"2.200,00",1,1.0,OK,,,
2025-07-24,27062,Tampa traseira de vidro para iPhone 15 Plus - Azul,Manutenção Carcaça/Vidro Traseiro,M. iPhone 15 Plus,"2.200,00",2,2.0,OK,,,
2025-07-24,27063,Tampa traseira de vidro para iPhone 15 Plus - Verde,Manutenção Carcaça/Vidro Traseiro,M. iPhone 15 Plus,"2.200,00",2,2.0,OK,,,
2025-07-24,27064,Tampa traseira de vidro para iPhone 15 Plus - Amarelo,Manutenção Carcaça/Vidro Traseiro,M. iPhone 15 Plus,"2.200,00",3,3.0,OK,,,
2025-07-24,27253,Aro Metálico para iPhone 15 Plus - Amarelo,Manutenção Carcaça/Vidro Traseiro,M. iPhone 15 Plus,"1.600,00",1,1.0,OK,,,
2025-07-24,27254,Aro Metálico para iPhone 15 Plus - Verde,Manutenção Carcaça/Vidro Traseiro,M. iPhone 15 Plus,"1.600,00",1,1.0,OK,,,
2025-07-24,27055,Tampa traseira de vidro para iPhone 15 - Rosa,Manutenção Carcaça/Vidro Traseiro,M. iPhone 15,"2.000,00",3,3.0,OK,,,
2025-07-24,27056,Tampa traseira de vidro para iPhone 15 - Preto,Manutenção Carcaça/Vidro Traseiro,M. iPhone 15,"2.000,00",3,3.0,OK,,,
2025-07-24,27057,Tampa traseira de vidro para iPhone 15 - Azul,Manutenção Carcaça/Vidro Traseiro,M. iPhone 15,"2.000,00",3,3.0,OK,,,
2025-07-24,27058,Tampa traseira de vidro para iPhone 15 - Verde,Manutenção Carcaça/Vidro Traseiro,M. iPhone 15,"2.000,00",2,2.0,OK,,,
2025-07-24,27059,Tampa traseira de vidro para iPhone 15 - Amarelo,Manutenção Carcaça/Vidro Traseiro,M. iPhone 15,"2.000,00",2,2.0,OK,,,
2025-07-24,27275,Aro Metálico para iPhone 15 - Rosa,Manutenção Carcaça/Vidro Traseiro,M. iPhone 15,"1.500,00",1,1.0,OK,,,
2025-07-24,26218,Tampa de vidro para iPhone 14 Pro Max - Preto-espacial,Manutenção Carcaça/Vidro Traseiro,M. iPhone 14 Pro Max,"1.500,00",2,2.0,OK,,,
2025-07-24,26219,Tampa de vidro para iPhone 14 Pro Max - Prateado,Manutenção Carcaça/Vidro Traseiro,M. iPhone 14 Pro Max,"1.500,00",2,2.0,OK,,,
2025-07-24,26220,Tampa de vidro para iPhone 14 Pro Max - Dourado,Manutenção Carcaça/Vidro Traseiro,M. iPhone 14 Pro Max,"1.500,00",1,1.0,OK,,,
2025-07-24,26221,Tampa de vidro para iPhone 14 Pro Max - Roxo-profundo,Manutenção Carcaça/Vidro Traseiro,M. iPhone 14 Pro Max,"1.500,00",2,2.0,OK,,,
2025-07-24,26761,Carcaça completa para iPhone 14 Pro Max - Dourado,Manutenção Carcaça/Vidro Traseiro,M. iPhone 14 Pro Max,"2.500,00",1,1.0,OK,,,
2025-07-24,26214,Tampa de vidro para iPhone 14 Pro - Preto-espacial,Manutenção Carcaça/Vidro Traseiro,M. iPhone 14 Pro,"1.000,00",3,3.0,OK,,,
2025-07-24,26215,Tampa de vidro para iPhone 14 Pro - Prateado,Manutenção Carcaça/Vidro Traseiro,M. iPhone 14 Pro,"1.000,00",3,3.0,OK,,,
2025-07-24,26216,Tampa de vidro para iPhone 14 Pro - Dourado,Manutenção Carcaça/Vidro Traseiro,M. iPhone 14 Pro,"1.000,00",2,2.0,OK,,,
2025-07-24,26217,Tampa de vidro para iPhone 14 Pro - Roxo-Profundo,Manutenção Carcaça/Vidro Traseiro,M. iPhone 14 Pro,"1.000,00",4,4.0,OK,,,
2025-07-24,26209,Tampa traseira de vidro para iPhone 14 Plus - Meia-noite,Manutenção Carcaça/Vidro Traseiro,M. iPhone 14 Plus,"1.000,00",2,2.0,OK,,,
2025-07-24,26210,Tampa traseira de vidro para iPhone 14 Plus - Roxo,Manutenção Carcaça/Vidro Traseiro,M. iPhone 14 Plus,"1.000,00",1,1.0,OK,,,
2025-07-24,26211,Tampa traseira de vidro para iPhone 14 Plus - Estelar,Manutenção Carcaça/Vidro Traseiro,M. iPhone 14 Plus,"1.000,00",1,1.0,OK,,,
2025-07-24,26212,Tampa de vidro para iPhone 14 Plus - Vermelha,Manutenção Carcaça/Vidro Traseiro,M. iPhone 14 Plus,"1.000,00",1,1.0,OK,,,
2025-07-24,26213,Tampa de vidro para iPhone 14 Plus - Azul,Manutenção Carcaça/Vidro Traseiro,M. iPhone 14 Plus,"1.000,00",1,1.0,OK,,,
2025-07-24,26177,Tampa traseira de vidro para iPhone 14 - Meia-noite,Manutenção Carcaça/Vidro Traseiro,M. iPhone 14,"1.000,00",2,2.0,OK,,,
2025-07-24,26178,Tampa traseira de vidro para iPhone 14 - Roxo,Manutenção Carcaça/Vidro Traseiro,M. iPhone 14,"1.000,00",1,1.0,OK,,,
2025-07-24,26180,Tampa traseira de vidro para iPhone 14 - Vermelho,Manutenção Carcaça/Vidro Traseiro,M. iPhone 14,"1.000,00",1,1.0,OK,,,
2025-07-24,26181,Tampa traseira de vidro para iPhone 14 - Azul,Manutenção Carcaça/Vidro Traseiro,M. iPhone 14,"1.000,00",1,1.0,OK,,,
2025-07-24,25732,Carcaça completa para iPhone 13 Pro Max - Preto,Manutenção Carcaça/Vidro Traseiro,M. iPhone 13 Pro Max,"2.500,00",1,1.0,OK,,,
2025-07-24,25734,Carcaça completa para iPhone 13 Pro Max - Dourado,Manutenção Carcaça/Vidro Traseiro,M. iPhone 13 Pro Max,"2.500,00",1,1.0,OK,,,
2025-07-24,25747,Tampa traseira de vidro para iPhone 13 Pro Max - Preto,Manutenção Carcaça/Vidro Traseiro,M. iPhone 13 Pro Max,"1.000,00",3,3.0,OK,,,
2025-07-24,25748,Tampa traseira de vidro para iPhone 13 Pro Max - Azul,Manutenção Carcaça/Vidro Traseiro,M. iPhone 13 Pro Max,"1.000,00",2,2.0,OK,,,
2025-07-24,25749,Tampa traseira de vidro para iPhone 13 Pro Max - Dourado,Manutenção Carcaça/Vidro Traseiro,M. iPhone 13 Pro Max,"1.000,00",2,2.0,OK,,,
2025-07-24,25750,Tampa traseira de vidro para iPhone 13 Pro Max - Branco,Manutenção Carcaça/Vidro Traseiro,M. iPhone 13 Pro Max,"1.000,00",1,1.0,OK,,,
2025-07-24,26294,Tampa traseira de vidro para iPhone 13 Pro Max - Verde,Manutenção Carcaça/Vidro Traseiro,M. iPhone 13 Pro Max,"1.000,00",1,1.0,OK,,,
2025-07-24,25731,Carcaça completa para iPhone 13 Pro - Dourado,Manutenção Carcaça/Vidro Traseiro,M. iPhone 13 Pro,"2.500,00",1,1.0,OK,,,
2025-07-24,25742,Tampa traseira de vidro para iPhone 13 Pro - Preto,Manutenção Carcaça/Vidro Traseiro,M. iPhone 13 Pro,"1.000,00",1,1.0,OK,,,
2025-07-24,25743,Tampa traseira de vidro para iPhone 13 Pro - Azul,Manutenção Carcaça/Vidro Traseiro,M. iPhone 13 Pro,"1.000,00",2,2.0,OK,,,
2025-07-24,25744,Tampa traseira de vidro para iPhone 13 Pro - Dourado,Manutenção Carcaça/Vidro Traseiro,M. iPhone 13 Pro,"1.000,00",2,2.0,OK,,,
2025-07-24,25745,Tampa traseira de vidro para iPhone 13 Pro - Branco,Manutenção Carcaça/Vidro Traseiro,M. iPhone 13 Pro,"1.000,00",2,2.0,OK,,,
2025-07-24,25746,Tampa traseira de vidro para iPhone 13 Pro - Verde,Manutenção Carcaça/Vidro Traseiro,M. iPhone 13 Pro,"1.000,00",2,2.0,OK,,,
2025-07-24,27264,Tampa traseira de vidro para iPhone 13 Mini - Preta,Manutenção Carcaça/Vidro Traseiro,M. iPhone 13 Mini,"700,00",1,1.0,OK,,,
2025-07-24,25726,Carcaça completa para iPhone 13 - Branco,Manutenção Carcaça/Vidro Traseiro,M. iPhone 13,"1.300,00",1,1.0,OK,,,
2025-07-24,25736,Tampa traseira de vidro para iPhone 13 - Preto,Manutenção Carcaça/Vidro Traseiro,M. iPhone 13,"800,00",2,1.0,DIVERGENTE,não encontrei ,Sim,
2025-07-24,25737,Tampa traseira de vidro para iPhone 13 - Azul,Manutenção Carcaça/Vidro Traseiro,M. iPhone 13,"800,00",1,1.0,OK,,,
2025-07-24,25738,Tampa traseira de vidro para iPhone 13 - Branco,Manutenção Carcaça/Vidro Traseiro,M. iPhone 13,"800,00",1,1.0,OK,,,
2025-07-24,25740,Tampa traseira de vidro para iPhone 13 - Vermelho,Manutenção Carcaça/Vidro Traseiro,M. iPhone 13,"800,00",1,1.0,OK,,,
2025-07-24,25741,Tampa traseira de vidro para iPhone 13 - Verde,Manutenção Carcaça/Vidro Traseiro,M. iPhone 13,"800,00",1,1.0,OK,,,
2025-07-24,24618,Tampa de vidro com lente traseira para iPhone 12 Pro Max - Azul,Manutenção Carcaça/Vidro Traseiro,M. iPhone 12 Pro Max,"1.000,00",1,1.0,OK,,,
2025-07-24,24619,Tampa de vidro com lente traseira para iPhone 12 Pro Max - Dourado,Manutenção Carcaça/Vidro Traseiro,M. iPhone 12 Pro Max,"1.000,00",1,1.0,OK,,,
2025-07-24,24620,Tampa de vidro com lente traseira para iPhone 12 Pro Max - Prata,Manutenção Carcaça/Vidro Traseiro,M. iPhone 12 Pro Max,"1.000,00",2,2.0,OK,,,
2025-07-24,24621,Tampa de vidro com lente traseira para iPhone 12 Pro Max - Grafite,Manutenção Carcaça/Vidro Traseiro,M. iPhone 12 Pro Max,"1.000,00",2,2.0,OK,,,
2025-07-24,24622,Aro com carcaça metalica para iPhone 12 Pro Max - Grafite,Manutenção Carcaça/Vidro Traseiro,M. iPhone 12 Pro Max,"1.600,00",1,1.0,OK,,,
2025-07-24,24625,Aro com carcaça metalica para iPhone 12 Pro Max - Azul,Manutenção Carcaça/Vidro Traseiro,M. iPhone 12 Pro Max,"1.600,00",1,1.0,OK,,,
2025-07-24,24614,Tampa de vidro com lente traseira para iPhone 12 Pro - Grafite,Manutenção Carcaça/Vidro Traseiro,M. iPhone 12 Pro,"800,00",2,2.0,OK,,,
2025-07-24,24615,Tampa de vidro com lente traseira para iPhone 12 Pro - Prata,Manutenção Carcaça/Vidro Traseiro,M. iPhone 12 Pro,"800,00",2,2.0,OK,,,
2025-07-24,24616,Tampa de vidro com lente traseira para iPhone 12 Pro - Dourado,Manutenção Carcaça/Vidro Traseiro,M. iPhone 12 Pro,"800,00",3,3.0,OK,,,
2025-07-24,24617,Tampa de vidro com lente traseira para iPhone 12 Pro - Azul,Manutenção Carcaça/Vidro Traseiro,M. iPhone 12 Pro,"800,00",2,2.0,OK,,,
2025-07-24,24626,Aro com carcaça metalica para iPhone 12 Pro - Azul,Manutenção Carcaça/Vidro Traseiro,M. iPhone 12 Pro,"1.500,00",1,1.0,OK,,,
2025-07-24,24627,Aro com carcaça metalica para iPhone 12 Pro - Grafite,Manutenção Carcaça/Vidro Traseiro,M. iPhone 12 Pro,"1.500,00",1,1.0,OK,,,
2025-07-24,24629,Aro com carcaça metalica para iPhone 12 Pro - Prata,Manutenção Carcaça/Vidro Traseiro,M. iPhone 12 Pro,"1.500,00",1,1.0,OK,,,
2025-07-24,24609,Tampa de vidro com lente traseira para iPhone 12 Mini - Vermelho,Manutenção Carcaça/Vidro Traseiro,M. iPhone 12 Mini,"600,00",1,1.0,OK,,,
2025-07-24,24610,Tampa de vidro com lente traseira para iPhone 12 Mini - Verde,Manutenção Carcaça/Vidro Traseiro,M. iPhone 12 Mini,"600,00",1,1.0,OK,,,
2025-07-24,24612,Tampa de vidro com lente traseira para iPhone 12 Mini - Preto,Manutenção Carcaça/Vidro Traseiro,M. iPhone 12 Mini,"600,00",1,1.0,OK,,,
2025-07-24,24613,Tampa de vidro com lente traseira para iPhone 12 Mini - Branco,Manutenção Carcaça/Vidro Traseiro,M. iPhone 12 Mini,"600,00",1,1.0,OK,,,
2025-07-24,24604,Tampa de vidro com lente traseira para iPhone 12 - Azul,Manutenção Carcaça/Vidro Traseiro,M. iPhone 12,"800,00",1,1.0,OK,,,
2025-07-24,24605,Tampa de vidro com lente traseira para iPhone 12 - Branco,Manutenção Carcaça/Vidro Traseiro,M. iPhone 12,"800,00",2,2.0,OK,,,
2025-07-24,24606,Tampa de vidro com lente traseira para iPhone 12 - Preto,Manutenção Carcaça/Vidro Traseiro,M. iPhone 12,"800,00",1,1.0,OK,,,
2025-07-24,24607,Tampa de vidro com lente traseira para iPhone 12 - Verde,Manutenção Carcaça/Vidro Traseiro,M. iPhone 12,"800,00",1,1.0,OK,,,
2025-07-24,24608,Tampa de vidro com lente traseira para iPhone 12 - Vermelho,Manutenção Carcaça/Vidro Traseiro,M. iPhone 12,"800,00",2,2.0,OK,,,
2025-07-24,24630,Aro com carcaça metalica para iPhone 12 - Branco,Manutenção Carcaça/Vidro Traseiro,M. iPhone 12,"1.200,00",1,1.0,OK,,,
2025-07-24,24631,Aro com carcaça metalica para iPhone 12 - Preto,Manutenção Carcaça/Vidro Traseiro,M. iPhone 12,"1.200,00",1,1.0,OK,,,
2025-07-24,24632,Aro com carcaça metalica para iPhone 12 - Azul,Manutenção Carcaça/Vidro Traseiro,M. iPhone 12,"1.200,00",1,1.0,OK,,,
2025-07-24,23898,Tampa de vidro com lente traseira para iPhone 11 Pro Max Dourado,Manutenção Carcaça/Vidro Traseiro,M. iPhone 11 Pro Max,"800,00",4,4.0,OK,,,
2025-07-24,23899,Tampa de vidro com lente traseira para iPhone 11 Pro Max Verde,Manutenção Carcaça/Vidro Traseiro,M. iPhone 11 Pro Max,"800,00",2,2.0,OK,,,
2025-07-24,23900,Tampa de vidro com lente traseira para iPhone 11 Pro Max Branco,Manutenção Carcaça/Vidro Traseiro,M. iPhone 11 Pro Max,"800,00",2,2.0,OK,,,
2025-07-24,23901,Tampa de vidro com lente traseira para iPhone 11 Pro Max Preto,Manutenção Carcaça/Vidro Traseiro,M. iPhone 11 Pro Max,"800,00",2,2.0,OK,,,
2025-07-24,24883,Aro com carcaça metalica para iPhone 11 Pro Max - Preto,Manutenção Carcaça/Vidro Traseiro,M. iPhone 11 Pro Max,"1.200,00",1,1.0,OK,,,
2025-07-24,24884,Aro com carcaça metalica para iPhone 11 Pro Max - Branco,Manutenção Carcaça/Vidro Traseiro,M. iPhone 11 Pro Max,"1.200,00",1,1.0,OK,,,
2025-07-24,24885,Aro com carcaça metalica para iPhone 11 Pro Max - Gold,Manutenção Carcaça/Vidro Traseiro,M. iPhone 11 Pro Max,"1.200,00",1,1.0,OK,,,
2025-07-24,23725,Tampa Traseira iPhone 11 Pro - Branco,Manutenção Carcaça/Vidro Traseiro,M. iPhone 11 Pro,"600,00",1,1.0,OK,,,
2025-07-24,23911,Tampa de vidro com lente traseira para iPhone 11 Pro Dourado,Manutenção Carcaça/Vidro Traseiro,M. iPhone 11 Pro,"600,00",2,2.0,OK,,,
2025-07-24,23912,Tampa de vidro com lente traseira para iPhone 11 Pro Verde,Manutenção Carcaça/Vidro Traseiro,M. iPhone 11 Pro,"600,00",2,2.0,OK,,,
2025-07-24,23914,Tampa de vidro com lente traseira para iPhone 11 Pro Branco,Manutenção Carcaça/Vidro Traseiro,M. iPhone 11 Pro,"600,00",1,1.0,OK,,,
2025-07-24,23916,Tampa de vidro com lente traseira para iPhone 11 Pro Preto,Manutenção Carcaça/Vidro Traseiro,M. iPhone 11 Pro,"600,00",1,1.0,OK,,,
2025-07-24,24234,Aro com carcaça metalica para iPhone 11 Pro - Verde,Manutenção Carcaça/Vidro Traseiro,M. iPhone 11 Pro,"1.000,00",1,1.0,OK,,,
2025-07-24,24879,Aro com carcaça metalica para iPhone 11 Pro - Preto,Manutenção Carcaça/Vidro Traseiro,M. iPhone 11 Pro,"1.000,00",1,1.0,OK,,,
2025-07-24,24881,Aro com carcaça metalica para iPhone 11 Pro - Dourado,Manutenção Carcaça/Vidro Traseiro,M. iPhone 11 Pro,"1.000,00",1,1.0,OK,,,
2025-07-24,23922,Tampa de vidro com lente traseira para iPhone 11 Roxo,Manutenção Carcaça/Vidro Traseiro,M. iPhone 11,"400,00",1,1.0,OK,,,
2025-07-24,23923,Tampa de vidro com lente traseira para iPhone 11 Vermelho,Manutenção Carcaça/Vidro Traseiro,M. iPhone 11,"400,00",1,1.0,OK,,,
2025-07-24,23925,Tampa de vidro com lente traseira para iPhone 11 Amarelo,Manutenção Carcaça/Vidro Traseiro,M. iPhone 11,"400,00",2,2.0,OK,,,
2025-07-24,23927,Tampa de vidro com lente traseira para iPhone 11 Verde,Manutenção Carcaça/Vidro Traseiro,M. iPhone 11,"400,00",1,1.0,OK,,,
2025-07-24,23928,Tampa de vidro com lente traseira para iPhone 11 Branco,Manutenção Carcaça/Vidro Traseiro,M. iPhone 11,"400,00",2,2.0,OK,,,
2025-07-24,23929,Tampa de vidro com lente traseira para iPhone 11 Preto,Manutenção Carcaça/Vidro Traseiro,M. iPhone 11,"400,00",3,3.0,OK,,,
2025-07-24,24653,Aro com carcaça metalica para iPhone 11 Branco,Manutenção Carcaça/Vidro Traseiro,M. iPhone 11,"900,00",2,2.0,OK,,,
2025-07-24,24875,Aro com carcaça metalica para iPhone 11 Vermelho,Manutenção Carcaça/Vidro Traseiro,M. iPhone 11,"900,00",1,1.0,OK,,,
2025-07-24,25495,Conector de Carga iPhone 13 Pro Max - Preto,Manutenção Conector,M. iPhone 13 Pro Max,"800,00",2,2.0,OK,,,
2025-07-24,27227,Conector de Carga iPhone 13 Pro Max - Dourado,Manutenção Conector,M. iPhone 13 Pro Max,"800,00",2,2.0,OK,,,
2025-07-24,25721,Lente de Vidro da Câmera para iPhone 13 Pro Max - P,Manutenção Câmera,M. iPhone 13 Pro Max,"400,00",2,2.0,OK,,,
2025-07-24,25722,Lente de Vidro da Câmera para iPhone 13 Pro Max - G,Manutenção Câmera,M. iPhone 13 Pro Max,"400,00",3,3.0,OK,,,
2025-07-24,25757,Lente de Vidro da Câmera para iPhone 13 Pro Max - M,Manutenção Câmera,M. iPhone 13 Pro Max,"400,00",2,2.0,OK,,,
2025-07-24,26245,Câmera traseira para iPhone 13 Pro Max,Manutenção Câmera,M. iPhone 13 Pro Max,"1.300,00",1,1.0,OK,,,
2025-07-24,27189,Alto-falante auricular do iPhone 13 Pro Max,Manutenção Alto Falante,M. iPhone 13 Pro Max,"600,00",3,3.0,OK,,,
2025-07-24,26139,Flex sensor face ID - iPhone 13 Pro,Manutenção Flex do Sensor,M. iPhone 13 Pro,"800,00",2,2.0,OK,,,
2025-07-24,25492,Conector de Carga iPhone 13 Pro - Branco,Manutenção Conector,M. iPhone 13 Pro,"800,00",2,2.0,OK,,,
2025-07-24,25493,Conector de Carga iPhone 13 Pro - Preto,Manutenção Conector,M. iPhone 13 Pro,"800,00",2,2.0,OK,,,
2025-07-24,25720,Lente de Vidro da Câmera para iPhone 13 Pro - G,Manutenção Câmera,M. iPhone 13 Pro,"350,00",2,2.0,OK,,,
2025-07-24,25723,Lente de Vidro da Câmera para iPhone 13 Pro - P,Manutenção Câmera,M. iPhone 13 Pro,"350,00",2,2.0,OK,,,
2025-07-24,25756,Lente de Vidro da Câmera para iPhone 13 Pro - M,Manutenção Câmera,M. iPhone 13 Pro,"350,00",2,2.0,OK,,,
2025-07-24,26101,Flex do flash - iPhone 13 Pro,Manutenção Câmera,M. iPhone 13 Pro,"900,00",1,,DIVERGENTE,não encontrei ,Sim,
2025-07-24,26244,Câmera traseira para iPhone 13 Pro,Manutenção Câmera,M. iPhone 13 Pro,"1.300,00",1,1.0,OK,,,
2025-07-24,27188,Alto-falante auricular do iPhone 13 Pro,Manutenção Alto Falante,M. iPhone 13 Pro,"600,00",2,2.0,OK,,,
2025-07-24,27263,Conector de Carga iPhone 13 Mini - Preto,Manutenção Conector,M. iPhone 13 Mini,"700,00",1,2.0,DIVERGENTE,1 unidade avulso -gerar novo codigo ,Sim,
2025-07-24,25751,Lente de Vidro da Câmera para iPhone 13 Mini - P,Manutenção Câmera,M. iPhone 13 Mini,"300,00",2,2.0,OK,,,
2025-07-24,25752,Lente de Vidro da Câmera para iPhone 13 Mini - G,Manutenção Câmera,M. iPhone 13 Mini,"300,00",2,2.0,OK,,,
2025-07-24,28084,Antena Wi-Fi iPhone 13,Manutenção Wi-Fi,M. iPhone 13,"800,00",1,,DIVERGENTE,não encontrei ,Sim,
2025-07-24,26275,Volume / power / vibra / indução - iPhone 13,Manutenção Vibra / Volume / Power,M. iPhone 13,"800,00",2,2.0,OK,,,
2025-07-24,26140,Flex sensor face ID - iPhone 13,Manutenção Flex do Sensor,M. iPhone 13,"800,00",3,3.0,OK,,,
2025-07-24,25490,Conector de Carga iPhone 13 - Branco,Manutenção Conector,M. iPhone 13,"800,00",2,2.0,OK,,,
2025-07-24,25718,Lente de Vidro da Câmera para iPhone 13 - P,Manutenção Câmera,M. iPhone 13,"400,00",2,2.0,OK,,,
2025-07-24,25719,Lente de Vidro da Câmera para iPhone 13 - G,Manutenção Câmera,M. iPhone 13,"400,00",2,2.0,OK,,,
2025-07-24,26815,Alto-falante auricular do iPhone 13,Manutenção Alto Falante,M. iPhone 13,"500,00",3,3.0,OK,,,
2025-07-24,25437,Motor do Vibra - iPhone 12 Pro Max,Manutenção Vibra / Volume / Power,M. iPhone 12 Pro Max,"800,00",1,1.0,OK,,,
2025-07-24,26923,Flex power do iPhone 12 Pro Max,Manutenção Vibra / Volume / Power,M. iPhone 12 Pro Max,"800,00",2,2.0,OK,,,
2025-07-24,25438,Speaker - iPhone 12 Pro Max,Manutenção Speaker,M. iPhone 12 Pro Max,"600,00",1,1.0,OK,,,
2025-07-24,25435,Flex Sensor/Alto falante - iPhone 12 Pro Max,Manutenção Flex do Sensor,M. iPhone 12 Pro Max,"800,00",2,2.0,OK,,,
2025-07-24,25432,Conector de Carga iPhone 12 Pro Max - Preto,Manutenção Conector,M. iPhone 12 Pro Max,"700,00",1,1.0,OK,,,
2025-07-24,25433,Conector de Carga iPhone 12 Pro Max - Branco,Manutenção Conector,M. iPhone 12 Pro Max,"700,00",1,1.0,OK,,,
2025-07-24,25434,Conector de Carga iPhone 12 Pro Max - Dourado,Manutenção Conector,M. iPhone 12 Pro Max,"800,00",1,1.0,OK,,,
2025-07-24,24599,Câmera Frontal para iphone 12 Pro Max,Manutenção Câmera,M. iPhone 12 Pro Max,"1.000,00",2,2.0,OK,,,
2025-07-24,25247,Lente de Vidro da Câmera para iPhone 12 Pro Max - P,Manutenção Câmera,M. iPhone 12 Pro Max,"250,00",2,2.0,OK,,,
2025-07-24,25248,Lente de Vidro da Câmera para iPhone 12 Pro Max - G,Manutenção Câmera,M. iPhone 12 Pro Max,"250,00",2,2.0,OK,,,
2025-07-24,25273,Flex do flash para o iPhone 12 Pro Max,Manutenção Câmera,M. iPhone 12 Pro Max,"800,00",1,1.0,OK,,,
2025-07-24,26093,Lente de Vidro da Câmera para iPhone 12 Pro Max - M,Manutenção Câmera,M. iPhone 12 Pro Max,"250,00",2,2.0,OK,,,
2025-07-24,25819,Flex volume / power / vibra / indução - iPhone 12 Pro,Manutenção Vibra / Volume / Power,M. iPhone 12 Pro,"800,00",2,2.0,OK,,,
2025-07-24,25429,Speaker - iPhone 12 Pro,Manutenção Speaker,M. iPhone 12 Pro,"600,00",1,1.0,OK,,,
2025-07-24,25428,Flex Sensor/Alto falante - iPhone 12 Pro,Manutenção Flex do Sensor,M. iPhone 12 Pro,"800,00",2,2.0,OK,,,
2025-07-24,25424,Conector de Carga iPhone 12 Pro - Preto,Manutenção Conector,M. iPhone 12 Pro,"700,00",3,3.0,OK,,,
2025-07-24,25426,Conector de Carga iPhone 12 Pro - Branco,Manutenção Conector,M. iPhone 12 Pro,"700,00",2,2.0,OK,,,
2025-07-24,24598,Câmera Frontal para iphone 12 Pro,Manutenção Câmera,M. iPhone 12 Pro,"1.000,00",2,2.0,OK,,,
2025-07-24,24601,Câmera Traseira para iphone 12 Pro,Manutenção Câmera,M. iPhone 12 Pro,"1.200,00",1,1.0,OK,,,
2025-07-24,25232,Lente de Vidro da Câmera para iPhone 12 Pro - G,Manutenção Câmera,M. iPhone 12 Pro,"250,00",2,2.0,OK,,,
2025-07-24,25265,Lente de Vidro da Câmera para iPhone 12 Pro - P,Manutenção Câmera,M. iPhone 12 Pro,"250,00",2,2.0,OK,,,
2025-07-24,26092,Lente de Vidro da Câmera para iPhone 12 Pro - M,Manutenção Câmera,M. iPhone 12 Pro,"250,00",3,3.0,OK,,,
2025-07-24,25447,Conector de Carga iPhone 12 Mini - Branco,Manutenção Conector,M. iPhone 12 Mini,"800,00",2,2.0,OK,,,
2025-07-24,25266,Lente de Vidro da Câmera para iPhone 12 Mini - G,Manutenção Câmera,M. iPhone 12 Mini,"250,00",2,2.0,OK,,,
2025-07-24,25267,Lente de Vidro da Câmera para iPhone 12 Mini - P,Manutenção Câmera,M. iPhone 12 Mini,"250,00",2,2.0,OK,,,
2025-07-24,25445,Motor do Vibra - iPhone 12,Manutenção Vibra / Volume / Power,M. iPhone 12,"800,00",1,1.0,OK,,,
2025-07-24,25815,Flex volume / power / vibra / indução - iPhone 12,Manutenção Vibra / Volume / Power,M. iPhone 12,"800,00",1,1.0,OK,,,
2025-07-24,25448,Speaker - iPhone 12,Manutenção Speaker,M. iPhone 12,"600,00",1,1.0,OK,,,
2025-07-24,25440,Flex Sensor / Alto falante - iPhone 12,Manutenção Flex do Sensor,M. iPhone 12,"800,00",2,2.0,OK,,,
2025-07-24,25808,Flex de conector de carga para iPhone 12  - Preto,Manutenção Conector,M. iPhone 12,"800,00",2,2.0,OK,,,
2025-07-24,25810,Flex de conector de carga para iPhone 12  - Branco,Manutenção Conector,M. iPhone 12,"800,00",2,2.0,OK,,,
2025-07-24,25811,Flex de conector de carga para iPhone 12  - Azul,Manutenção Conector,M. iPhone 12,"800,00",1,1.0,OK,,,
2025-07-24,24596,Câmera Frontal para iPhone 12,Manutenção Câmera,M. iPhone 12,"1.000,00",2,2.0,OK,,,
2025-07-24,24603,Câmera Traseira para iPhone 12,Manutenção Câmera,M. iPhone 12,"900,00",1,1.0,OK,,,
2025-07-24,25178,Lente de Vidro da Câmera para iPhone 12 - G,Manutenção Câmera,M. iPhone 12,"250,00",2,2.0,OK,,,
2025-07-24,25228,Lente de Vidro da Câmera para iPhone 12 - P,Manutenção Câmera,M. iPhone 12,"250,00",2,2.0,OK,,,
2025-07-24,25813,Flex do flash / microfone da câmera traseira - iPhone 12,Manutenção Câmera,M. iPhone 12,"800,00",1,1.0,OK,,,
2025-07-24,24470,Flex Volume/carregador sem fio - iPhone 11 Pro Max,Manutenção Vibra / Volume / Power,M. iPhone 11 Pro Max,"600,00",1,1.0,OK,,,
2025-07-24,25418,Flex Power - iPhone 11 Pro Max,Manutenção Vibra / Volume / Power,M. iPhone 11 Pro Max,"600,00",1,1.0,OK,,,
2025-07-24,25420,Speaker - iPhone 11 Pro Max,Manutenção Speaker,M. iPhone 11 Pro Max,"500,00",1,1.0,OK,,,
2025-07-24,25371,Flex Sensor / Alto falante - iPhone 11 Pro Max,Manutenção Flex do Sensor,M. iPhone 11 Pro Max,"800,00",3,3.0,OK,,,
2025-07-24,23894,Flex de Conector de Carga para iPhone 11 Pro Max Branco,Manutenção Conector,M. iPhone 11 Pro Max,"600,00",2,2.0,OK,,,
2025-07-24,23896,Flex de Conector de Carga para iPhone 11 Pro Max Preto,Manutenção Conector,M. iPhone 11 Pro Max,"600,00",2,2.0,OK,,,
2025-07-24,25417,Conector de Carga iPhone 11 Pro Max - Verde,Manutenção Conector,M. iPhone 11 Pro Max,"600,00",1,1.0,OK,,,
2025-07-24,24812,Lente de Vidro da Câmera iPhone 11 Pro Max - P,Manutenção Câmera,M. iPhone 11 Pro Max,"250,00",2,2.0,OK,,,
2025-07-24,24814,Lente de Vidro da Câmera iPhone 11 Pro Max - G,Manutenção Câmera,M. iPhone 11 Pro Max,"250,00",2,2.0,OK,,,
2025-07-24,25450,Câmera Frontal - iPhone 11 Pro Max,Manutenção Câmera,M. iPhone 11 Pro Max,"500,00",2,2.0,OK,,,
2025-07-24,25451,Câmera Traseira - iPhone 11 Pro Max,Manutenção Câmera,M. iPhone 11 Pro Max,"800,00",1,1.0,OK,,,
2025-07-24,26057,Speaker - iPhone 11 Pro,Manutenção Speaker,M. iPhone 11 Pro,"500,00",2,2.0,OK,,,
2025-07-24,25238,Flex sensor/ alto falante - iPhone 11 Pro,Manutenção Flex do Sensor,M. iPhone 11 Pro,"800,00",2,2.0,OK,,,
2025-07-24,25441,Conector de Carga iPhone 11 Pro - Preto,Manutenção Conector,M. iPhone 11 Pro,"600,00",3,3.0,OK,,,
2025-07-24,25443,Conector de Carga iPhone 11 Pro - Dourado,Manutenção Conector,M. iPhone 11 Pro,"600,00",1,1.0,OK,,,
2025-07-24,23903,Câmera Traseira para iPhone 11 Pro,Manutenção Câmera,M. iPhone 11 Pro,"900,00",1,1.0,OK,,,
2025-07-24,23908,Câmera Frontal para iPhone 11 Pro,Manutenção Câmera,M. iPhone 11 Pro,"900,00",1,1.0,OK,,,
2025-07-24,24809,Lente de Vidro da Câmera iPhone 11 Pro - P,Manutenção Câmera,M. iPhone 11 Pro,"250,00",1,1.0,OK,,,
2025-07-24,24811,Lente de Vidro da Câmera iPhone 11 Pro - G,Manutenção Câmera,M. iPhone 11 Pro,"250,00",3,3.0,OK,,,
2025-07-24,25330,Flex Power - iPhone 11,Manutenção Vibra / Volume / Power,M. iPhone 11,"500,00",1,1.0,OK,,,
2025-07-24,25331,Flex Volume - iPhone 11,Manutenção Vibra / Volume / Power,M. iPhone 11,"600,00",1,1.0,OK,,,
2025-07-24,25415,Flex Volume - iPhone 11,Manutenção Vibra / Volume / Power,M. iPhone 11,"500,00",2,2.0,OK,,,
2025-07-24,25229,Flex sensor/ alto falante - iPhone 11,Manutenção Flex do Sensor,M. iPhone 11,"600,00",3,4.0,DIVERGENTE,1 codigo avulso /gerar novo codigo,Sim,
2025-07-24,23917,Flex de Conector de Carga para iPhone 11 - Branco,Manutenção Conector,M. iPhone 11,"500,00",2,2.0,OK,,,
2025-07-24,23919,Flex de Conector de Carga para iPhone 11 - Preto,Manutenção Conector,M. iPhone 11,"500,00",1,1.0,OK,,,
2025-07-24,24126,Flex de Conector de Carga para iPhone 11 - Amarelo,Manutenção Conector,M. iPhone 11,"500,00",2,2.0,OK,,,
2025-07-24,24127,Flex de Conector de Carga para iPhone 11 - Vermelho,Manutenção Conector,M. iPhone 11,"500,00",2,2.0,OK,,,
2025-07-24,23921,Câmera Frontal para iPhone 11,Manutenção Câmera,M. iPhone 11,"600,00",2,2.0,OK,,,
2025-07-24,24806,Lente de Vidro da Câmera iPhone 11 - P,Manutenção Câmera,M. iPhone 11,"250,00",1,1.0,OK,,,
2025-07-24,24808,Lente de Vidro da Câmera iPhone 11 - G,Manutenção Câmera,M. iPhone 11,"250,00",2,2.0,OK,,,
2025-07-24,25449,Câmera Traseira - iPhone 11,Manutenção Câmera,M. iPhone 11,"600,00",1,1.0,OK,,,
2025-07-24,24682,Alto-falante (saída auricular) para iPhone 11,Manutenção Alto Falante,M. iPhone 11,"400,00",1,1.0,OK,,,
2025-07-24,25442,Conector de Carga iPhone 11 Pro - Branco,Manutenção Conector,M. Intervenção,"600,00",2,2.0,OK,,,
2025-07-24,22101,Flex home - iPad Pro 9.7 Preto,Manutenção Flex do Home,iPad New 9.7,"400,00",1,1.0,OK,,,
2025-07-24,2842,Cabo Flex Power   Volume do iPad Mini 1,Manutenção Vibra / Volume / Power,iPad Mini,"250,00",1,1.0,OK,,,
2025-07-24,22417,Flex Power/Volume do iPad Mini 2 / Mini 3,Manutenção Vibra / Volume / Power,iPad Mini,"250,00",2,2.0,OK,,,
2025-07-24,22987,Flex power / microfone - iPad Mini 4,Manutenção Vibra / Volume / Power,iPad Mini,"400,00",2,2.0,OK,,,
2025-07-24,4434,Speaker - iPad Mini,Manutenção Speaker,iPad Mini,"250,00",1,1.0,OK,,,
2025-07-24,3065,Flex do Home iPad Mini,Manutenção Flex do Home,iPad Mini,"250,00",2,2.0,OK,,,
2025-07-24,21710,Flex do Home iPad Mini 3 - Branco,Manutenção Flex do Home,iPad Mini,"350,00",1,1.0,OK,,,
2025-07-24,3099,Conector de Carga iPad Mini - Preto,Manutenção Conector,iPad Mini,"250,00",4,4.0,OK,,,
2025-07-24,24594,Flex de Conector de Carga para iPad Mini 4 - Branco,Manutenção Conector,iPad Mini,"500,00",2,2.0,OK,,,
2025-07-24,24595,Flex de Conector de Carga para iPad Mini 4 - Preto,Manutenção Conector,iPad Mini,"500,00",1,1.0,OK,,,
2025-07-24,24178,Flex volume / microfone - iPad 6 / Air 2,Manutenção Vibra / Volume / Power,iPad Air 2,"350,00",1,1.0,OK,,,
2025-07-24,24179,Flex power - iPad 6 / Air 2,Manutenção Vibra / Volume / Power,iPad Air 2,"350,00",2,2.0,OK,,,
2025-07-24,24177,Flex do conector P2 (3.5mm) para iPad Air 2 - Preto,Manutenção Flex do Fone,iPad Air 2,"350,00",1,1.0,OK,,,
2025-07-24,24722,Flex da função power para iPad Air,Manutenção Vibra / Volume / Power,iPad Air,"0,00",3,3.0,OK,,,
2025-07-24,24174,Speaker para iPad Air/5,Manutenção Speaker,iPad Air,"200,00",2,2.0,OK,,,
2025-07-24,3904,Flex do Microfone iPad Air,Manutenção Microfone,iPad Air,"300,00",3,3.0,OK,,,
2025-07-24,4141,Flex Home - iPad Air,Manutenção Flex do Home,iPad Air,"0,00",3,3.0,OK,,,
2025-07-24,25007,Flex conector P2 (3.5mm) para iPad Air - Branco,Manutenção Flex do Fone,iPad Air,"350,00",1,1.0,OK,,,
2025-07-24,24172,Conector de Carga para iPad Air 1 /iPad 5º - Branco,Manutenção Conector,iPad Air,"300,00",1,1.0,OK,modelo errado ,,
2025-07-24,24173,Conector de Carga para iPad Air 1 /iPad 5º - Preto,Manutenção Conector,iPad Air,"300,00",1,1.0,OK,,,
2025-07-24,20875,Flex câmera traseira - iPad Air/Mini/Mini 2/Mini 3,Manutenção Câmera,iPad Air,"300,00",2,2.0,OK,,,
2025-07-24,20877,Flex câmera frontal - iPad Air,Manutenção Câmera,iPad Air,"300,00",2,2.0,OK,,,
2025-07-24,25796,Flex conector de carga - iPad 8 / iPad 9 Preto,Manutenção Conector,iPad 8° Ger. 10.2,"600,00",3,3.0,OK,,,
2025-07-24,24167,Flex conector de carga para iPad 7 Preto,Manutenção Conector,iPad 7° Ger. 10.2p,"600,00",2,2.0,OK,,,
2025-07-24,24164,Flex conector de carga - iPad 6 Preto,Manutenção Conector,Ipad 6,"400,00",1,1.0,OK,,,
2025-07-24,23286,Bateria de iPhone XS Max,Manutenção Bateria,M. iPhone XS Max,"790,00",2,2.0,OK,,,
2025-07-24,26945,Bateria de iPhone XS Max - Sem Flex,Manutenção Bateria,M. iPhone XS Max,"790,00",2,2.0,OK,,,
2025-07-24,23284,Bateria de iPhone XS,Manutenção Bateria,M. iPhone XS,"600,00",1,1.0,OK,,,
2025-07-24,26944,Bateria de iPhone XS - Sem Flex,Manutenção Bateria,M. iPhone XS,"600,00",2,2.0,OK,,,
2025-07-24,23285,Bateria de iPhone XR,Manutenção Bateria,M. iPhone XR,"600,00",4,4.0,OK,,,
2025-07-24,22756,Bateria de iPhone X,Manutenção Bateria,M. iPhone X,"600,00",2,2.0,OK,,,
2025-07-24,25160,Bateria de iPhone SE 2,Manutenção Bateria,M. iPhone SE 2,"400,00",3,3.0,OK,,,
2025-07-24,21286,Bateria de iPhone 5SE,Manutenção Bateria,M. iPhone SE,"150,00",2,2.0,OK,,,
2025-07-24,21698,Bateria de iPhone 8 Plus,Manutenção Bateria,M. iPhone 8 Plus,"400,00",2,2.0,OK,,,
2025-07-24,21696,Bateria de iPhone 8,Manutenção Bateria,M. iPhone 8,"400,00",4,4.0,OK,,,
2025-07-24,21296,Bateria de iPhone 7 Plus,Manutenção Bateria,M. iPhone 7 Plus,"350,00",3,3.0,OK,,,
2025-07-24,21295,Bateria de iPhone 7,Manutenção Bateria,M. iPhone 7,"350,00",2,2.0,OK,,,
2025-07-24,8157,Bateria de iPhone 6S Plus,Manutenção Bateria,M. iPhone 6S Plus,"300,00",3,3.0,OK,,,
2025-07-24,4380,Bateria de iPhone 6S,Manutenção Bateria,M. iPhone 6S,"200,00",2,2.0,OK,,,
2025-07-24,4728,Bateria de iPhone 6 Plus,Manutenção Bateria,M. iPhone 6 Plus,"180,00",3,3.0,OK,,,
2025-07-24,4497,Bateria de iPhone 6,Manutenção Bateria,M. iPhone 6,"180,00",3,3.0,OK,,,
2025-07-24,3747,Bateria de iPhone 5S,Manutenção Bateria,M. iPhone 5S,"150,00",2,2.0,OK,,,
2025-07-24,2725,Bateria de iPhone 5,Manutenção Bateria,M. iPhone 5,"150,00",2,2.0,OK,,,
2025-07-24,341,Bateria de iPhone 4,Manutenção Bateria,M. iPhone 4,"100,00",1,1.0,OK,,,
2025-07-24,27498,Bateria de iPhone 15 Pro Max,Manutenção Bateria,M. iPhone 15 Pro Max,"1.500,00",2,2.0,OK,,,
2025-07-24,27497,Bateria de iPhone 15 Pro,Manutenção Bateria,M. iPhone 15 Pro,"1.400,00",2,2.0,OK,,,
2025-07-24,27496,Bateria de iPhone 15 Plus,Manutenção Bateria,M. iPhone 15 Plus,"1.300,00",1,1.0,OK,,,
2025-07-24,27495,Bateria de iPhone 15,Manutenção Bateria,M. iPhone 15,"1.000,00",2,2.0,OK,,,
2025-07-24,26721,Bateria de iPhone 14 Pro Max,Manutenção Bateria,M. iPhone 14 Pro Max,"1.400,00",3,3.0,OK,,,
2025-07-24,26957,Bateria de iPhone 14 Pro Max - Sem Flex,Manutenção Bateria,M. iPhone 14 Pro Max,"1.400,00",3,3.0,OK,,,
2025-07-24,26722,Bateria de iPhone 14 Pro,Manutenção Bateria,M. iPhone 14 Pro,"1.000,00",2,2.0,OK,,,
2025-07-24,26958,Bateria de iPhone 14 Pro - Sem Flex,Manutenção Bateria,M. iPhone 14 Pro,"1.000,00",2,2.0,OK,,,
2025-07-24,27017,Bateria de iPhone 14 Plus - Sem Flex,Manutenção Bateria,M. iPhone 14 Plus,"1.000,00",2,2.0,OK,,,
2025-07-24,27229,Bateria de iPhone 14 Plus,Manutenção Bateria,M. iPhone 14 Plus,"1.000,00",2,2.0,OK,,,
2025-07-24,26723,Bateria de iPhone 14,Manutenção Bateria,M. iPhone 14,"800,00",2,2.0,OK,,,
2025-07-24,26959,Bateria de iPhone 14 - Sem Flex,Manutenção Bateria,M. iPhone 14,"800,00",2,2.0,OK,,,
2025-07-24,26270,Bateria de iPhone 13 Pro Max,Manutenção Bateria,M. iPhone 13 Pro Max,"790,00",3,3.0,OK,,,
2025-07-24,26955,Bateria de iPhone 13 Pro Max - Sem Flex,Manutenção Bateria,M. iPhone 13 Pro Max,"790,00",3,3.0,OK,,,
2025-07-24,26269,Bateria de iPhone 13 Pro,Manutenção Bateria,M. iPhone 13 Pro,"790,00",2,2.0,OK,,,
2025-07-24,26954,Bateria de iPhone 13 Pro - Sem Flex,Manutenção Bateria,M. iPhone 13 Pro,"790,00",1,1.0,OK,,,
2025-07-24,26268,Bateria de iPhone 13,Manutenção Bateria,M. iPhone 13,"790,00",2,2.0,OK,,,
2025-07-24,26953,Bateria de iPhone 13 - Sem Flex,Manutenção Bateria,M. iPhone 13,"790,00",3,3.0,OK,,,
2025-07-24,25373,Bateria de iPhone 12 Pro Max,Manutenção Bateria,M. iPhone 12 Pro Max,"790,00",3,3.0,OK,,,
2025-07-24,26951,Bateria de iPhone 12 Pro Max - Sem Flex,Manutenção Bateria,M. iPhone 12 Pro Max,"790,00",2,2.0,OK,,,
2025-07-24,26094,Bateria de iPhone 12 Mini,Manutenção Bateria,M. iPhone 12 Mini,"790,00",2,2.0,OK,,,
2025-07-24,26952,Bateria de iPhone 12 Mini - Sem Flex,Manutenção Bateria,M. iPhone 12 Mini,"790,00",2,2.0,OK,,,
2025-07-24,25368,Bateria de iPhone 12/12 Pro,Manutenção Bateria,M. iPhone 12,"790,00",2,2.0,OK,,,
2025-07-24,26950,Bateria de iPhone 12/12 Pro - Sem flex,Manutenção Bateria,M. iPhone 12,"790,00",2,2.0,OK,,,
2025-07-24,24579,Bateria de iPhone 11 Pro Max,Manutenção Bateria,M. iPhone 11 Pro Max,"790,00",2,2.0,OK,,,
2025-07-24,26949,Bateria de iPhone 11 Pro Max - Sem Flex,Manutenção Bateria,M. iPhone 11 Pro Max,"790,00",2,2.0,OK,,,
2025-07-24,24534,Bateria de iPhone 11 Pro,Manutenção Bateria,M. iPhone 11 Pro,"790,00",3,3.0,OK,,,
2025-07-24,26948,Bateria de iPhone 11 Pro - Sem Flex,Manutenção Bateria,M. iPhone 11 Pro,"790,00",1,1.0,OK,,,
2025-07-24,24387,Bateria de iPhone 11,Manutenção Bateria,M. iPhone 11,"790,00",4,4.0,OK,,,
2025-07-24,26947,Bateria de iPhone 11 - Sem Flex,Manutenção Bateria,M. iPhone 11,"790,00",1,1.0,OK,,,
2025-07-24,24714,Bateria de iPad Pro 9.7,Manutenção Bateria,iPad Pro 9.7p,"800,00",2,2.0,OK,,,
2025-07-24,25755,Bateria iPad Pro 12.9 (1° Ger) - A1584 / A1652,Manutenção Bateria,iPad Pro 12.9,"1.400,00",1,1.0,OK,,,
2025-07-24,26278,Bateria de iPad Mini 5,Manutenção Bateria,iPad Mini 5,"550,00",2,2.0,OK,,,
2025-07-24,21512,Bateria de iPad Mini 3,Manutenção Bateria,iPad Mini,"380,00",2,2.0,OK,,,
2025-07-24,21514,Bateria de iPad Mini,Manutenção Bateria,iPad Mini,"380,00",2,2.0,OK,1 unidade estufada -  10404470 ,,
2025-07-24,21557,Bateria de iPad Mini 2,Manutenção Bateria,iPad Mini,"380,00",2,2.0,OK,,,
2025-07-24,22597,Bateria de iPad Mini 4,Manutenção Bateria,iPad Mini,"450,00",2,2.0,OK,,,
2025-07-24,21691,Bateria de iPad Air 2,Manutenção Bateria,iPad Air 2,"380,00",2,2.0,OK,,,
2025-07-24,21513,Bateria de iPad Air 1 / iPad 5,Manutenção Bateria,iPad Air,"380,00",1,1.0,OK,,,
2025-07-24,26399,Bateria de iPad 8,Manutenção Bateria,iPad 8° Ger. 10.2,"700,00",1,1.0,OK,,,
2025-07-24,24900,Bateria de iPad 7,Manutenção Bateria,iPad 7° Ger. 10.2p,"600,00",1,1.0,OK,,,
2025-07-24,24204,Bateria de iPad 6,Manutenção Bateria,Ipad 6,"450,00",2,2.0,OK,,,
2025-07-24,21511,Bateria de iPad 3/4,Manutenção Bateria,iPad 3,"300,00",1,1.0,OK,,,
2025-07-24,21510,Bateria de iPad 2,Manutenção Bateria,iPad 2,"300,00",2,2.0,OK,,,
2025-07-24,24165,Flex conector de carga - iPad 6 Branco,Manutenção Conector,Ipad 6,"400,00",2,2.0,OK,,,
2025-07-24,22278,Flex do Home iPad 5,Manutenção Flex do Home,iPad 5,"0,00",1,1.0,OK,,,
2025-07-24,4660,Camera Frontal iPad 4,Manutenção Câmera,iPad 4,"200,00",2,2.0,OK,,,
2025-07-24,2617,Flex Power - iPad 3/4,Manutenção Vibra / Volume / Power,iPad 3,"200,00",3,3.0,OK,,,
2025-07-24,2867,Speaker - iPad 3,Manutenção Speaker,iPad 3,"0,00",1,1.0,OK,,,
2025-07-24,24160,Alto-falante (Caixa de som) para iPad 3,Manutenção Speaker,iPad 3,"200,00",1,1.0,OK,,,
2025-07-24,2811,Flex Home - iPad 3/4,Manutenção Flex do Home,iPad 3,"300,00",2,2.0,OK,,,
2025-07-24,24159,Flex conector de carga para iPad 3,Manutenção Conector,iPad 3,"200,00",1,1.0,OK,,,
2025-07-24,4700,Câmera Traseira - iPad 3/4,Manutenção Câmera,iPad 3,"0,00",4,4.0,OK,,,
2025-07-24,1109,Flex antena Wi-Fi - iPad 2,Manutenção Wi-Fi,iPad 2,"0,00",2,2.0,OK,04443199/modelo errado ,,
2025-07-24,889,Flex Power - iPad 2,Manutenção Vibra / Volume / Power,iPad 2,"180,00",3,3.0,OK,,,
2025-07-24,24158,Alto-falante (Caixa de som) para iPad 2,Manutenção Speaker,iPad 2,"180,00",2,2.0,OK,,,
2025-07-24,3147,Microfone da Camera Frontal iPad 2,Manutenção Microfone,iPad 2,"180,00",2,2.0,OK,,,
2025-07-24,888,Flex P2 (3G) - iPad 2,Manutenção Flex do Fone,iPad 2,"180,00",1,1.0,OK,,,
2025-07-24,24447,Flex do Conector de Carga para iPad 2,Manutenção Conector,iPad 2,"180,00",1,1.0,OK,,,
2025-07-24,1367,Câmera Traseira - iPad 2,Manutenção Câmera,iPad 2,"180,00",4,4.0,OK,,,
2025-07-24,1405,Camera Frontal - iPad 2,Manutenção Câmera,iPad 2,"180,00",3,3.0,OK,,,
