Id,Nome,Categoria,Sub-categoria,Valor,Sistema ,Fisico ,Situação,Data,Motivo,Resolvido ? ,Como ?
888,Flex P2 (3G) - iPad 2,Manutenção Flex do Fone,iPad 2,"500,00",1,,Divergente,2025-09-11,,,
889,Flex Power - iPad 2,Manutenção Vibra / Volume / Power,iPad 2,"180,00",1,,Divergente,2025-09-11,,,
1405,Camera Frontal - iPad 2,Manutenção Câmera,iPad 2,"150,00",2,,Divergente,2025-09-11,,,
2217,Conector de Carga - iPad 3,Manutenção Conector,iPad 3,"0,00",1,,Divergente,2025-09-11,,,
2617,Flex Power - iPad 3/4,Manutenção Vibra / Volume / Power,iPad 3,"500,00",1,,Divergente,2025-09-11,,,
23286,Bateria de iPhone XS Max,Manutenção Bateria,M. iPhone XS Max,"500,00",2,2.0,OK,2025-09-11,,,
2811,Flex Home - iPad 3/4,Manutenção Flex do Home,iPad 3,"200,00",2,,Divergente,2025-09-11,,,
2842,Cabo Flex Power   Volume do iPad Mini 1,Manutenção Vibra / Volume / Power,iPad Mini,"250,00",1,,Divergente,2025-09-11,,,
2845,Cabo Flex do Fone iPad Mini - Branco,Manutenção Flex do Fone,iPad Mini,"250,00",1,,Divergente,2025-09-11,,,
3056,Flex antena Wi-Fi - iPad 3/4,Manutenção Wi-Fi,iPad 3,"200,00",1,,Divergente,2025-09-11,,,
3065,Flex do Home iPad Mini,Manutenção Flex do Home,iPad Mini,"200,00",1,,Divergente,2025-09-11,,,
3099,Conector de Carga iPad Mini - Preto,Manutenção Conector,iPad Mini,"250,00",2,,Divergente,2025-09-11,,,
3147,Microfone da Camera Frontal iPad 2,Manutenção Microfone,iPad 2,"180,00",1,,Divergente,2025-09-11,,,
3554,Flex Home iPhone 5S/SE - Preto,Manutenção Flex do Home,M. iPhone 5S,"150,00",1,,Divergente,2025-09-11,,,
3555,Flex Home iPhone 5S/SE - Prata,Manutenção Flex do Home,M. iPhone 5S,"150,00",2,,Divergente,2025-09-11,,,
3556,Flex Home iPhone 5S/SE - Dourado,Manutenção Flex do Home,M. iPhone 5S,"200,00",3,,Divergente,2025-09-11,,,
26945,Bateria de iPhone XS Max - Sem Flex,Manutenção Bateria,M. iPhone XS Max,"500,00",1,1.0,OK,2025-09-11,,,
3800,Câmera Traseira - iPhone 5S,Manutenção Câmera,M. iPhone 5S,"150,00",2,,Divergente,2025-09-11,,,
3882,Flex Power/Volume/Vibra - iPhone 5S,Manutenção Vibra / Volume / Power,M. iPhone 5S,"200,00",3,,Divergente,2025-09-11,,,
3904,Flex do Microfone iPad Air,Manutenção Microfone,iPad Air,"300,00",1,,Divergente,2025-09-11,,,
4028,Flex Power e Volume iPad Air,Manutenção Vibra / Volume / Power,iPad Air,"300,00",3,,Divergente,2025-09-11,,,
4030,Conector de Carga - iPad 4,Manutenção Conector,iPad 4,"200,00",1,,Divergente,2025-09-11,,,
4032,Motor do Vibra - iPhone 5C,Manutenção Vibra / Volume / Power,M. iPhone 5C,"150,00",1,,Divergente,2025-09-11,,,
4054,Flex P2 - iPad 3/4,Manutenção Flex do Fone,iPad 3,"0,00",1,,Divergente,2025-09-11,,,
4148,Flex Fone iPad Air - Branco,Manutenção Flex do Fone,iPad Air,"0,00",1,,Divergente,2025-09-11,,,
4325,Aro Plástico iPad 2/3/4 - Branco,Manutenção Aro,iPad 2,"50,00",1,,Divergente,2025-09-11,,,
4348,Flex Volume e Vibra - iPhone 6 Plus,Manutenção Vibra / Volume / Power,M. iPhone 6 Plus,"180,00",2,,Divergente,2025-09-11,,,
4349,Flex Power - iPhone 6 Plus,Manutenção Vibra / Volume / Power,M. iPhone 6 Plus,"180,00",3,,Divergente,2025-09-11,,,
4352,Motor do Vibra - iPhone 6 Plus,Manutenção Vibra / Volume / Power,M. iPhone 6 Plus,"180,00",3,,Divergente,2025-09-11,,,
4353,Alto-Falante iPhone 6 Plus,Manutenção Alto Falante,M. iPhone 6 Plus,"150,00",3,,Divergente,2025-09-11,,,
4362,Flex Volume e Vibra - iPhone 6,Manutenção Vibra / Volume / Power,M. iPhone 6,"180,00",3,,Divergente,2025-09-11,,,
4363,Flex Power - iPhone 6,Manutenção Vibra / Volume / Power,M. iPhone 6,"400,00",5,,Divergente,2025-09-11,,,
4364,Câmera Frontal e Sensor de Proximidade - iPhone 6,Manutenção Câmera,M. iPhone 6,"0,00",3,,Divergente,2025-09-11,,,
4365,Câmera Traseira - iPhone 6,Manutenção Câmera,M. iPhone 6,"150,00",2,,Divergente,2025-09-11,,,
4366,Motor do Vibra - iPhone 6,Manutenção Vibra / Volume / Power,M. iPhone 6,"200,00",2,,Divergente,2025-09-11,,,
4367,Speaker - iPhone 6,Manutenção Speaker,M. iPhone 6,"180,00",2,,Divergente,2025-09-11,,,
4368,Flex Home iPhone 6 - Preto,Manutenção Flex do Home,M. iPhone 6,"200,00",1,,Divergente,2025-09-11,,,
23284,Bateria de iPhone XS,Manutenção Bateria,M. iPhone XS,"450,00",5,5.0,OK,2025-09-11,,,
4395,Motor do Vibra - iPhone 5S/SE,Manutenção Vibra / Volume / Power,M. iPhone 5S,"200,00",2,,Divergente,2025-09-11,,,
4456,Flex Home iPhone 6 - Prata,Manutenção Flex do Home,M. iPhone 6,"100,00",2,,Divergente,2025-09-11,,,
4457,Flex Home iPhone 6 - Dourado,Manutenção Flex do Home,M. iPhone 6,"100,00",1,,Divergente,2025-09-11,,,
4459,Conector de Carga iPhone 6 - Branco,Manutenção Conector,M. iPhone 6,"0,00",1,,Divergente,2025-09-11,,,
4460,Conector de Carga iPhone 6 - Cinza Escuro,Manutenção Conector,M. iPhone 6,"180,00",1,,Divergente,2025-09-11,,,
26944,Bateria de iPhone XS - Sem Flex,Manutenção Bateria,M. iPhone XS,"450,00",2,2.0,OK,2025-09-11,,,
4658,Alto-Falante iPhone 6,Manutenção Alto Falante,M. iPhone 6,"150,00",2,,Divergente,2025-09-11,,,
4660,Camera Frontal iPad 4,Manutenção Câmera,iPad 4,"50,00",1,,Divergente,2025-09-11,,,
4700,Câmera Traseira - iPad 3/4,Manutenção Câmera,iPad 3,"0,00",1,,Divergente,2025-09-11,,,
23285,Bateria de iPhone XR,Manutenção Bateria,M. iPhone XR,"450,00",3,3.0,OK,2025-09-11,,,
4981,Speaker - iPhone 6 Plus,Manutenção Speaker,M. iPhone 6 Plus,"180,00",3,,Divergente,2025-09-11,,,
5049,Carcaça iPhone 6 Plus - Cinza Espacial,Manutenção Carcaça/Vidro Traseiro,M. iPhone 6 Plus,"150,00",1,,Divergente,2025-09-11,,,
8144,Flex Home iPhone 6S - Preto,Manutenção Flex do Home,M. iPhone 6S,"200,00",1,,Divergente,2025-09-11,,,
8145,Flex Home iPhone 6S - Prata,Manutenção Flex do Home,M. iPhone 6S,"200,00",2,,Divergente,2025-09-11,,,
8153,Speaker - iPhone 6S,Manutenção Speaker,M. iPhone 6S,"200,00",2,,Divergente,2025-09-11,,,
8154,Flex Power/Volume/Vibra - iPhone 6S,Manutenção Vibra / Volume / Power,M. iPhone 6S,"200,00",3,,Divergente,2025-09-11,,,
8155,Conector de carga iPhone 6S - Branco,Manutenção Conector,M. iPhone 6S,"0,00",1,,Divergente,2025-09-11,,,
26946,Bateria de iPhone XR - Sem Flex,Manutenção Bateria,M. iPhone XR,"450,00",2,2.0,OK,2025-09-11,,,
8159,Câmera Frontal e Sensor de Proximidade - iPhone 6S,Manutenção Câmera,M. iPhone 6S,"0,00",3,,Divergente,2025-09-11,,,
8520,Carcaça iPhone 6 Plus - Dourada,Manutenção Carcaça/Vidro Traseiro,M. iPhone 6 Plus,"150,00",2,,Divergente,2025-09-11,,,
20715,Conector de carga iPhone 6S Plus - Branco,Manutenção Conector,M. iPhone 6S Plus,"0,00",1,,Divergente,2025-09-11,,,
20720,Flex Home iPhone 6S Plus - Prata,Manutenção Flex do Home,M. iPhone 6S Plus,"200,00",2,,Divergente,2025-09-11,,,
20721,Flex Home iPhone 6S Plus - Dourado,Manutenção Flex do Home,M. iPhone 6S Plus,"200,00",1,,Divergente,2025-09-11,,,
20722,Flex Power - iPhone 6S Plus,Manutenção Vibra / Volume / Power,M. iPhone 6S Plus,"200,00",3,,Divergente,2025-09-11,,,
20723,Speaker - iPhone 6S Plus,Manutenção Speaker,M. iPhone 6S Plus,"200,00",3,,Divergente,2025-09-11,,,
20737,Antena Wi-Fi - iPhone 6,Manutenção Wi-Fi,M. iPhone 6,"180,00",2,,Divergente,2025-09-11,,,
20755,Flex Volume e Vibra - iPhone 6S Plus,Manutenção Vibra / Volume / Power,M. iPhone 6S Plus,"200,00",2,,Divergente,2025-09-11,,,
20875,Flex câmera traseira - iPad Air/Mini/Mini 2/Mini 3,Manutenção Câmera,iPad Air,"200,00",1,,Divergente,2025-09-11,,,
20877,Flex câmera frontal - iPad Air,Manutenção Câmera,iPad Air,"200,00",1,,Divergente,2025-09-11,,,
20990,Flex home - iPad Air 2 / Mini 4/ iPad Pro 12.9 (1° Ger) Prata,Manutenção Flex do Home,iPad Air 2,"300,00",2,,Divergente,2025-09-11,,,
21069,Antena Wi-Fi - iPhone 6 Plus,Manutenção Wi-Fi,M. iPhone 6 Plus,"180,00",2,,Divergente,2025-09-11,,,
21113,Flex câmera frontal - iPad Air 2 / Mini 4 / Pro 12.9 (1° Ger),Manutenção Câmera,iPad Air 2,"200,00",2,,Divergente,2025-09-11,,,
21143,Câmera Frontal e Sensor de Proximidade - iPhone 7,Manutenção Câmera,M. iPhone 7,"0,00",1,,Divergente,2025-09-11,,,
21147,Conector de Carga iPhone 7 - Preto,Manutenção Conector,M. iPhone 7,"0,00",2,,Divergente,2025-09-11,,,
21149,Alto-Falante iPhone 7,Manutenção Alto Falante,M. iPhone 7,"200,00",3,,Divergente,2025-09-11,,,
21227,Câmera Traseira - iPhone SE,Manutenção Câmera,M. iPhone SE,"150,00",2,,Divergente,2025-09-11,,,
21267,Flex Power/Volume - iPhone 7,Manutenção Vibra / Volume / Power,M. iPhone 7,"200,00",2,,Divergente,2025-09-11,,,
21279,Flex câmera traseira - iPad Air 2 / Mini 4/ iPad Pro 12.9 (1° Ger),Manutenção Câmera,iPad Air 2,"300,00",1,,Divergente,2025-09-11,,,
22756,Bateria de iPhone X,Manutenção Bateria,M. iPhone X,"400,00",3,3.0,OK,2025-09-11,,,
21288,Conector de Carga iPhone 7 - Branco,Manutenção Conector,M. iPhone 7,"0,00",1,,Divergente,2025-09-11,,,
21289,Speaker - iPhone 7,Manutenção Speaker,M. iPhone 7,"200,00",3,,Divergente,2025-09-11,,,
21290,Flex Power/Volume - iPhone 7 Plus,Manutenção Vibra / Volume / Power,M. iPhone 7 Plus,"300,00",2,,Divergente,2025-09-11,,,
21291,Conector de Carga iPhone 7 Plus - Branco,Manutenção Conector,M. iPhone 7 Plus,"0,00",1,,Divergente,2025-09-11,,,
25160,Bateria de iPhone SE 2,Manutenção Bateria,M. iPhone SE 2,"300,00",2,2.0,OK,2025-09-11,,,
21286,Bateria de iPhone 5SE,Manutenção Bateria,M. iPhone SE,"100,00",2,2.0,OK,2025-09-11,,,
21309,Carcaça iPhone 6S Plus - Prata,Manutenção Carcaça/Vidro Traseiro,M. iPhone 6S Plus,"150,00",1,,Divergente,2025-09-11,,,
21311,Carcaça iPhone 6S Plus - Dourada,Manutenção Carcaça/Vidro Traseiro,M. iPhone 6S Plus,"150,00",1,,Divergente,2025-09-11,,,
21312,Carcaça iPhone 6S Plus - Cinza Espacial,Manutenção Carcaça/Vidro Traseiro,M. iPhone 6S Plus,"150,00",1,,Divergente,2025-09-11,,,
21313,Carcaça iPhone 6S Plus - Rosê,Manutenção Carcaça/Vidro Traseiro,M. iPhone 6S Plus,"150,00",1,,Divergente,2025-09-11,,,
21314,Antena Wi-Fi - iPhone 6S,Manutenção Wi-Fi,M. iPhone 6S,"200,00",3,,Divergente,2025-09-11,,,
21315,Antena Wi-Fi - iPhone 6S Plus,Manutenção Wi-Fi,M. iPhone 6S Plus,"200,00",3,,Divergente,2025-09-11,,,
21316,Speaker - iPhone 7 Plus,Manutenção Speaker,M. iPhone 7 Plus,"250,00",3,,Divergente,2025-09-11,,,
21317,Alto-Falante iPhone 7 Plus,Manutenção Alto Falante,M. iPhone 7 Plus,"200,00",3,,Divergente,2025-09-11,,,
21414,Carcaça iPhone 7 Plus - Rosê,Manutenção Carcaça/Vidro Traseiro,M. iPhone 7 Plus,"200,00",1,,Divergente,2025-09-11,,,
21458,Carcaça iPhone 7 - Prata,Manutenção Carcaça/Vidro Traseiro,M. iPhone 7,"200,00",1,,Divergente,2025-09-11,,,
21462,Carcaça iPhone 7 - Dourada,Manutenção Carcaça/Vidro Traseiro,M. iPhone 7,"200,00",1,,Divergente,2025-09-11,,,
21464,Carcaça iPhone 7 Plus - Dourada,Manutenção Carcaça/Vidro Traseiro,M. iPhone 7 Plus,"200,00",1,,Divergente,2025-09-11,,,
21467,Carcaça iPhone 7 Plus - Prata,Manutenção Carcaça/Vidro Traseiro,M. iPhone 7 Plus,"200,00",1,,Divergente,2025-09-11,,,
21698,Bateria de iPhone 8 Plus,Manutenção Bateria,M. iPhone 8 Plus,"300,00",2,2.0,OK,2025-09-11,,,
21696,Bateria de iPhone 8,Manutenção Bateria,M. iPhone 8,"250,00",2,1.0,Divergente,2025-09-11,Falta 11184057,,
21296,Bateria de iPhone 7 Plus,Manutenção Bateria,M. iPhone 7 Plus,"250,00",3,3.0,OK,2025-09-11,,,
21295,Bateria de iPhone 7,Manutenção Bateria,M. iPhone 7,"250,00",2,2.0,OK,2025-09-11,,,
8157,Bateria de iPhone 6S Plus,Manutenção Bateria,M. iPhone 6S Plus,"200,00",4,6.0,Divergente,2025-09-11,"remover 7506215 , 7506202",,
4380,Bateria de iPhone 6S,Manutenção Bateria,M. iPhone 6S,"180,00",4,4.0,OK,2025-09-11,,,
21576,Tampa Traseira iPhone 8 - Dourado,Manutenção Carcaça/Vidro Traseiro,M. iPhone 8,"0,00",3,,Divergente,2025-09-11,,,
21581,Tampa Traseira iPhone 8 Plus - Preta,Manutenção Carcaça/Vidro Traseiro,M. iPhone 8 Plus,"0,00",1,,Divergente,2025-09-11,,,
21582,Tampa Traseira iPhone 8 Plus - Dourada,Manutenção Carcaça/Vidro Traseiro,M. iPhone 8 Plus,"0,00",1,,Divergente,2025-09-11,,,
21583,Tampa Traseira iPhone 8 Plus - Branco,Manutenção Carcaça/Vidro Traseiro,M. iPhone 8 Plus,"300,00",2,,Divergente,2025-09-11,,,
21601,Carcaça iPhone 7 Plus - Preto Fosco,Manutenção Carcaça/Vidro Traseiro,M. iPhone 7 Plus,"200,00",1,,Divergente,2025-09-11,,,
21682,Carcaça iPhone 7 - Preta,Manutenção Carcaça/Vidro Traseiro,M. iPhone 7,"200,00",2,,Divergente,2025-09-11,,,
4728,Bateria de iPhone 6 Plus,Manutenção Bateria,M. iPhone 6 Plus,"150,00",5,5.0,OK,2025-09-11,,,
4497,Bateria de iPhone 6,Manutenção Bateria,M. iPhone 6,"180,00",3,3.0,OK,2025-09-11,,,
3747,Bateria de iPhone 5S,Manutenção Bateria,M. iPhone 5S,"100,00",3,2.0,Divergente,2025-09-11,Falta 06185259,,
21703,Conector de Carga iPad Mini 2/3 - Branco,Manutenção Conector,iPad Mini,"0,00",1,,Divergente,2025-09-11,,,
21704,Conector de Carga iPad Mini 2/3 - Preto,Manutenção Conector,iPad Mini,"0,00",1,,Divergente,2025-09-11,,,
21718,Cabo Flex do Fone iPad Air 2 - Branco,Manutenção Flex do Fone,iPad Air 2,"0,00",1,,Divergente,2025-09-11,,,
21719,Flex Volume do iPad Air 2,Manutenção Vibra / Volume / Power,iPad Air 2,"0,00",2,,Divergente,2025-09-11,,,
21875,Tampa Traseira iPhone X - Branco,Manutenção Carcaça/Vidro Traseiro,M. iPhone X,"0,00",3,,Divergente,2025-09-11,,,
21876,Tampa Traseira iPhone X - Preto,Manutenção Carcaça/Vidro Traseiro,M. iPhone X,"0,00",1,,Divergente,2025-09-11,,,
21905,Câmera Traseira - iPhone X,Manutenção Câmera,M. iPhone X,"300,00",3,,Divergente,2025-09-11,,,
21913,Speaker - iPhone 8 Plus,Manutenção Speaker,M. iPhone 8 Plus,"300,00",2,,Divergente,2025-09-11,,,
21914,Alto-Falante iPhone 8 Plus,Manutenção Alto Falante,M. iPhone 8 Plus,"150,00",2,,Divergente,2025-09-11,,,
21915,Flex Power/Volume - iPhone 8 Plus,Manutenção Vibra / Volume / Power,M. iPhone 8 Plus,"300,00",3,,Divergente,2025-09-11,,,
21920,Speaker - iPhone 8/SE 2,Manutenção Speaker,M. iPhone 8,"300,00",4,,Divergente,2025-09-11,,,
21921,Alto-Falante iPhone 8/SE 2,Manutenção Alto Falante,M. iPhone 8,"200,00",5,,Divergente,2025-09-11,,,
21923,Flex Power/Volume - iPhone 8/SE 2,Manutenção Vibra / Volume / Power,M. iPhone 8,"300,00",1,,Divergente,2025-09-11,,,
21927,Carcaça iPhone 7 - Rose,Manutenção Carcaça/Vidro Traseiro,M. iPhone 7,"200,00",1,,Divergente,2025-09-11,,,
22002,Lente de Vidro da Câmera iPhone 8 Plus - Rose,Manutenção Câmera,M. iPhone 8 Plus,"200,00",2,,Divergente,2025-09-11,,,
22101,Flex home - iPad Pro 9.7 Preto,Manutenção Flex do Home,iPad New 9.7,"300,00",1,,Divergente,2025-09-11,,,
22191,Antena Wi-Fi iPhone 7 Plus,Manutenção Wi-Fi,M. iPhone 7 Plus,"250,00",3,,Divergente,2025-09-11,,,
22307,Carcaça Completa iPhone 8 - Dourada,Manutenção Carcaça/Vidro Traseiro,M. iPhone 8,"200,00",1,,Divergente,2025-09-11,,,
22308,Carcaça Completa iPhone 8 - Preta,Manutenção Carcaça/Vidro Traseiro,M. iPhone 8,"200,00",1,,Divergente,2025-09-11,,,
22417,Flex Power/Volume do iPad Mini 2 / Mini 3,Manutenção Vibra / Volume / Power,iPad Mini,"500,00",1,,Divergente,2025-09-11,,,
22487,Flex Volume - iPhone X,Manutenção Vibra / Volume / Power,M. iPhone X,"0,00",1,,Divergente,2025-09-11,,,
22515,Antena Wi-Fi iPhone 7,Manutenção Wi-Fi,M. iPhone 7,"200,00",3,,Divergente,2025-09-11,,,
22547,Microfone da Câmera - iPad Mini 2,Manutenção Microfone,iPad Mini,"300,00",1,,Divergente,2025-09-11,,,
22595,Motor do Vibra - iPhone 6S Plus,Manutenção Vibra / Volume / Power,M. iPhone 6S Plus,"200,00",1,,Divergente,2025-09-11,,,
2725,Bateria de iPhone 5,Manutenção Bateria,M. iPhone 5,"150,00",2,0.0,Divergente,2025-09-11,,,
22668,Tampa Traseira iPhone XR - Red,Manutenção Carcaça/Vidro Traseiro,M. iPhone XR,"0,00",1,,Divergente,2025-09-11,,,
27498,Bateria de iPhone 15 Pro Max,Manutenção Bateria,M. iPhone 15 Pro Max,"1.100,00",2,2.0,OK,2025-09-11,,,
22859,Lente de Vidro da Câmera iPhone 8 - Dourado,Manutenção Câmera,M. iPhone 8,"100,00",1,,Divergente,2025-09-11,,,
22923,Carcaça Completa iPhone X - Branco,Manutenção Carcaça/Vidro Traseiro,M. iPhone X,"400,00",1,,Divergente,2025-09-11,,,
22980,Tampa Traseira iPhone XS Max - Dourado,Manutenção Carcaça/Vidro Traseiro,M. iPhone XS Max,"0,00",3,,Divergente,2025-09-11,,,
22990,Flex Volume/carregador sem fio - iPhone x,Manutenção Vibra / Volume / Power,M. iPhone X,"400,00",1,,Divergente,2025-09-11,,,
23003,Tampa Traseira iPhone XR - Coral,Manutenção Carcaça/Vidro Traseiro,M. iPhone XR,"400,00",1,,Divergente,2025-09-11,,,
23004,Tampa Traseira iPhone XR - Azul,Manutenção Carcaça/Vidro Traseiro,M. iPhone XR,"400,00",1,,Divergente,2025-09-11,,,
23018,Lente de Vidro da Câmera iPhone XS Max - Prata,Manutenção Câmera,M. iPhone XS Max,"150,00",2,,Divergente,2025-09-11,,,
23020,Lente de Vidro da Câmera iPhone XS Max - Preto,Manutenção Câmera,M. iPhone XS Max,"250,00",1,,Divergente,2025-09-11,,,
23023,Tampa Traseira iPhone 8 Plus - Red,Manutenção Carcaça/Vidro Traseiro,M. iPhone 8 Plus,"400,00",2,,Divergente,2025-09-11,,,
23083,Motor do Vibra - iPhone 7 Plus,Manutenção Vibra / Volume / Power,M. iPhone 7 Plus,"300,00",5,,Divergente,2025-09-11,,,
23189,Motor do Vibra - iPhone 7,Manutenção Vibra / Volume / Power,M. iPhone 7,"150,00",2,,Divergente,2025-09-11,,,
27497,Bateria de iPhone 15 Pro,Manutenção Bateria,M. iPhone 15 Pro,"1.000,00",2,2.0,OK,2025-09-11,,,
27496,Bateria de iPhone 15 Plus,Manutenção Bateria,M. iPhone 15 Plus,"1.000,00",1,1.0,OK,2025-09-11,,,
27495,Bateria de iPhone 15,Manutenção Bateria,M. iPhone 15,"1.000,00",2,2.0,OK,2025-09-11,,,
23918,Vidro e touchscreen com LCD iPhone XS Max - Preto,Manutenção LCD/ Touch,M. iPhone XS Max,"800,00",2,2.0,OK,2025-09-11,,,
23703,Tampa Traseira iPhone XR - Amarela,Manutenção Carcaça/Vidro Traseiro,M. iPhone XR,"0,00",1,,Divergente,2025-09-11,,,
23726,Tampa Traseira iPhone 11 Pro - Dourado,Manutenção Carcaça/Vidro Traseiro,M. iPhone 11 Pro,"0,00",1,,Divergente,2025-09-11,,,
23728,Tampa Traseira iPhone 11 Pro - Preto,Manutenção Carcaça/Vidro Traseiro,M. iPhone 11 Pro,"0,00",1,,Divergente,2025-09-11,,,
23731,Tampa Traseira iPhone 11 Pro Max - Dourado,Manutenção Carcaça/Vidro Traseiro,M. iPhone 11 Pro Max,"0,00",1,,Divergente,2025-09-11,,,
23745,Conector de Carga iPhone 11 - Amarelo,Manutenção Conector,M. iPhone 11,"0,00",1,,Divergente,2025-09-11,,,
23810,Camera Frontal iPad 3,Manutenção Câmera,iPad 3,"150,00",2,,Divergente,2025-09-11,,,
23590,Vidro e touchscreen com LCD iPhone XS - Preto,Manutenção LCD/ Touch,M. iPhone XS,"600,00",2,2.0,OK,2025-09-11,,,
23894,Flex de Conector de Carga para iPhone 11 Pro Max Branco,Manutenção Conector,M. iPhone 11 Pro Max,"400,00",1,,Divergente,2025-09-11,,,
24110,Vidro e touchscreen com LCD iPhone XR - Preto,Manutenção LCD/ Touch,M. iPhone XR,"700,00",2,2.0,OK,2025-09-11,,,
23896,Flex de Conector de Carga para iPhone 11 Pro Max Preto,Manutenção Conector,M. iPhone 11 Pro Max,"400,00",1,,Divergente,2025-09-11,,,
23915,Vidro e touchscreen com LCD iPhone X - Preto,Manutenção LCD/ Touch,M. iPhone X,"600,00",5,5.0,OK,2025-09-11,,,
23898,Tampa de vidro com lente traseira para iPhone 11 Pro Max Dourado,Manutenção Carcaça/Vidro Traseiro,M. iPhone 11 Pro Max,"600,00",2,,Divergente,2025-09-11,,,
23899,Tampa de vidro com lente traseira para iPhone 11 Pro Max Verde,Manutenção Carcaça/Vidro Traseiro,M. iPhone 11 Pro Max,"600,00",3,,Divergente,2025-09-11,,,
23900,Tampa de vidro com lente traseira para iPhone 11 Pro Max Branco,Manutenção Carcaça/Vidro Traseiro,M. iPhone 11 Pro Max,"600,00",3,,Divergente,2025-09-11,,,
23901,Tampa de vidro com lente traseira para iPhone 11 Pro Max Preto,Manutenção Carcaça/Vidro Traseiro,M. iPhone 11 Pro Max,"600,00",2,,Divergente,2025-09-11,,,
23903,Câmera Traseira para iPhone 11 Pro,Manutenção Câmera,M. iPhone 11 Pro,"500,00",2,,Divergente,2025-09-11,,,
23904,Câmera Traseira para iPhone 6S Plus,Manutenção Câmera,M. iPhone 6S Plus,"150,00",2,,Divergente,2025-09-11,,,
23905,Câmera Frontal e Sensor para iPhone 6S Plus,Manutenção Câmera,M. iPhone 6S Plus,"150,00",3,,Divergente,2025-09-11,,,
26326,Vidro e touchscreen com LCD iPhone SE 3 - Preto,Manutenção LCD/ Touch,M. iPhone SE 3,"700,00",1,1.0,OK,2025-09-11,,,
23907,Câmera Traseira para iPhone 7,Manutenção Câmera,M. iPhone 7,"200,00",5,,Divergente,2025-09-11,,,
23908,Câmera Frontal para iPhone 11 Pro,Manutenção Câmera,M. iPhone 11 Pro,"500,00",1,,Divergente,2025-09-11,,,
23909,Câmera frontal e Sensor para iPhone 7,Manutenção Câmera,M. iPhone 7,"200,00",1,,Divergente,2025-09-11,,,
24101,Vidro e touchscreen com LCD iPhone SE - Branco ,Manutenção LCD/ Touch,M. iPhone SE,"400,00",2,2.0,OK,2025-09-11,,,
23912,Tampa de vidro com lente traseira para iPhone 11 Pro Verde,Manutenção Carcaça/Vidro Traseiro,M. iPhone 11 Pro,"500,00",3,,Divergente,2025-09-11,,,
23913,Conector de Carga para iPhone 7 Branco,Manutenção Conector,M. iPhone 7,"200,00",3,,Divergente,2025-09-11,,,
23914,Tampa de vidro com lente traseira para iPhone 11 Pro Branco,Manutenção Carcaça/Vidro Traseiro,M. iPhone 11 Pro,"500,00",2,,Divergente,2025-09-11,,,
24102,Vidro e touchscreen com LCD iPhone SE - Preto ,Manutenção LCD/ Touch,M. iPhone SE,"400,00",1,1.0,OK,2025-09-11,,,
23916,Tampa de vidro com lente traseira para iPhone 11 Pro Preto,Manutenção Carcaça/Vidro Traseiro,M. iPhone 11 Pro,"500,00",2,,Divergente,2025-09-11,,,
23917,Flex de Conector de Carga para iPhone 11 - Branco,Manutenção Conector,M. iPhone 11,"400,00",1,,Divergente,2025-09-11,,,
24108,Vidro e touchscreen com LCD iPhone 8 Plus - Branco,Manutenção LCD/ Touch,M. iPhone 8 Plus,"500,00",2,2.0,OK,2025-09-11,,,
23922,Tampa de vidro com lente traseira para iPhone 11 Roxo,Manutenção Carcaça/Vidro Traseiro,M. iPhone 11,"400,00",4,,Divergente,2025-09-11,,,
23923,Tampa de vidro com lente traseira para iPhone 11 Vermelho,Manutenção Carcaça/Vidro Traseiro,M. iPhone 11,"400,00",2,,Divergente,2025-09-11,,,
24109,Vidro e touchscreen com LCD iPhone 8 Plus - Preto,Manutenção LCD/ Touch,M. iPhone 8 Plus,"500,00",5,5.0,OK,2025-09-11,,,
23925,Tampa de vidro com lente traseira para iPhone 11 Amarelo,Manutenção Carcaça/Vidro Traseiro,M. iPhone 11,"400,00",2,,Divergente,2025-09-11,,,
23910,Vidro e touchscreen com LCD iPhone 8 - Branco,Manutenção LCD/ Touch,M. iPhone 8,"350,00",2,2.0,OK,2025-09-11,,,
23927,Tampa de vidro com lente traseira para iPhone 11 Verde,Manutenção Carcaça/Vidro Traseiro,M. iPhone 11,"400,00",1,,Divergente,2025-09-11,,,
23928,Tampa de vidro com lente traseira para iPhone 11 Branco,Manutenção Carcaça/Vidro Traseiro,M. iPhone 11,"400,00",3,,Divergente,2025-09-11,,,
23929,Tampa de vidro com lente traseira para iPhone 11 Preto,Manutenção Carcaça/Vidro Traseiro,M. iPhone 11,"400,00",2,,Divergente,2025-09-11,,,
23934,Flex de Conector de Carga para iPhone XS Max Preto,Manutenção Conector,M. iPhone XS Max,"400,00",1,,Divergente,2025-09-11,,,
23936,Conector de Carga para iPhone 7 Preto,Manutenção Conector,M. iPhone 7,"200,00",4,,Divergente,2025-09-11,,,
23937,Motor de funçao vibratoria para iPhone XS Max,Manutenção Vibra / Volume / Power,M. iPhone XS Max,"300,00",2,,Divergente,2025-09-11,,,
23938,Câmera Traseira para iPhone 7 Plus,Manutenção Câmera,M. iPhone 7 Plus,"200,00",5,,Divergente,2025-09-11,,,
23940,Câmera Frontal e Sensor para iPhone 7 Plus,Manutenção Câmera,M. iPhone 7 Plus,"200,00",1,,Divergente,2025-09-11,,,
23941,Câmera Frontal e Sensor para iPhone XS Max,Manutenção Câmera,M. iPhone XS Max,"300,00",2,,Divergente,2025-09-11,,,
23942,Câmera Traseira para iPhone XS Max,Manutenção Câmera,M. iPhone XS Max,"400,00",1,,Divergente,2025-09-11,,,
23943,Flex de Conector de Carga para iPhone 7 Plus Branco,Manutenção Conector,M. iPhone 7 Plus,"300,00",2,,Divergente,2025-09-11,,,
23944,Tampa de vidro com lente traseira para iPhone XS Max - Branco,Manutenção Carcaça/Vidro Traseiro,M. iPhone XS Max,"400,00",5,,Divergente,2025-09-11,,,
23945,Flex de Conector de Carga para iPhone 7 Plus Preto,Manutenção Conector,M. iPhone 7 Plus,"300,00",1,,Divergente,2025-09-11,,,
23946,Tampa de vidro com lente traseira para iPhone XS Max - Preto,Manutenção Carcaça/Vidro Traseiro,M. iPhone XS Max,"400,00",2,,Divergente,2025-09-11,,,
23948,Flex da função power para iPhone XS,Manutenção Vibra / Volume / Power,M. iPhone XS,"300,00",1,,Divergente,2025-09-11,,,
23949,Flexivel da função de ajuste de volume para iPhone XS,Manutenção Vibra / Volume / Power,M. iPhone XS,"300,00",1,,Divergente,2025-09-11,,,
23950,Flex de Conector de Carga para iPhone XS Cinza,Manutenção Conector,M. iPhone XS,"300,00",1,,Divergente,2025-09-11,,,
23951,Flex de Conector de Carga para iPhone XS Preto,Manutenção Conector,M. iPhone XS,"300,00",1,,Divergente,2025-09-11,,,
23955,Câmera Frontal e Sensor para iPhone XS,Manutenção Câmera,M. iPhone XS,"250,00",3,,Divergente,2025-09-11,,,
23956,Câmera Traseira para iPhone XS,Manutenção Câmera,M. iPhone XS,"400,00",3,,Divergente,2025-09-11,,,
24401,Vidro e touchscreen com LCD iPhone 8/SE 2 - Preto,Manutenção LCD/ Touch,M. iPhone 8,"500,00",3,3.0,OK,2025-09-11,,,
23960,Flex da função power para iPhone X,Manutenção Vibra / Volume / Power,M. iPhone X,"400,00",2,,Divergente,2025-09-11,,,
23962,Flex da função de ajuste de volume para iPhone X,Manutenção Vibra / Volume / Power,M. iPhone X,"400,00",1,,Divergente,2025-09-11,,,
23897,Vidro e touchscreen com LCD iPhone 7 Plus - Preto,Manutenção LCD/ Touch,M. iPhone 7 Plus,"350,00",4,4.0,OK,2025-09-11,,,
23965,Flex de Conector de Carga para iPhone X Cinza,Manutenção Conector,M. iPhone X,"300,00",3,,Divergente,2025-09-11,,,
23967,Flex de Conector de Carga para iPhone X Preto,Manutenção Conector,M. iPhone X,"300,00",2,,Divergente,2025-09-11,,,
23906,Vidro e touchscreen com LCD iPhone 7 Plus - Branco,Manutenção LCD/ Touch,M. iPhone 7 Plus,"350,00",4,4.0,OK,2025-09-11,,,
23970,Câmera Traseira para iPhone 8/SE 2,Manutenção Câmera,M. iPhone 8,"250,00",1,,Divergente,2025-09-11,,,
23971,Motor de funçao vibratoria para iPhone X,Manutenção Vibra / Volume / Power,M. iPhone X,"300,00",1,,Divergente,2025-09-11,,,
23972,Câmera Frontal e Sensor para iPhone 8/SE 2,Manutenção Câmera,M. iPhone 8,"200,00",2,,Divergente,2025-09-11,,,
23973,Speaker - iPhone X,Manutenção Speaker,M. iPhone X,"300,00",4,,Divergente,2025-09-11,,,
23974,Tampa de vidro com lente traseira para iPhone X Branco,Manutenção Carcaça/Vidro Traseiro,M. iPhone X,"300,00",2,,Divergente,2025-09-11,,,
24106,Vidro Touchscreen com LCD para iPhone 7 - Preto,Manutenção LCD/ Touch,M. iPhone 7,"350,00",1,1.0,OK,2025-09-11,,,
23976,Conector de Carga para iPhone 8 Branco,Manutenção Conector,M. iPhone 8,"200,00",4,,Divergente,2025-09-11,,,
23978,Flex da Câmera Frontal e Sensor para iPhone X,Manutenção Câmera,M. iPhone X,"300,00",2,,Divergente,2025-09-11,,,
23979,Tampa de vidro com lente traseira para iPhone 8 Plus Dourado,Manutenção Carcaça/Vidro Traseiro,M. iPhone 8 Plus,"300,00",3,,Divergente,2025-09-11,,,
24107,Vidro e touchscreen com LCD iPhone 7 - Branco,Manutenção LCD/ Touch,M. iPhone 7,"350,00",3,3.0,OK,2025-09-11,,,
23981,Câmera Traseira para iPhone 8 Plus,Manutenção Câmera,M. iPhone 8 Plus,"200,00",4,,Divergente,2025-09-11,,,
23982,Tampa de vidro com lente traseira para iPhone X Preto,Manutenção Carcaça/Vidro Traseiro,M. iPhone X,"300,00",4,,Divergente,2025-09-11,,,
23895,Vidro e touchscreen com LCD iPhone 6S Plus - Branco,Manutenção LCD/ Touch,M. iPhone 6S Plus,"300,00",5,5.0,OK,2025-09-11,,,
23985,Flex de Conector de Carga para iPhone 8 Plus Branco,Manutenção Conector,M. iPhone 8 Plus,"300,00",2,,Divergente,2025-09-11,,,
23986,Flex da função power para iPhone XR,Manutenção Vibra / Volume / Power,M. iPhone XR,"0,00",3,,Divergente,2025-09-11,,,
23987,Câmera Frontal e Sensor para iPhone 5S/SE,Manutenção Câmera,M. iPhone 5S,"150,00",3,,Divergente,2025-09-11,,,
23988,Flex de Conector de Carga para iPhone 8 Plus Preto,Manutenção Conector,M. iPhone 8 Plus,"300,00",3,,Divergente,2025-09-11,,,
23990,Tampa de vidro com lente traseira para iPhone XR Preto,Manutenção Carcaça/Vidro Traseiro,M. iPhone XR,"400,00",2,,Divergente,2025-09-11,,,
23992,Flex motor vibra - iPhone XR,Manutenção Vibra / Volume / Power,M. iPhone XR,"300,00",2,,Divergente,2025-09-11,,,
24324,Vidro e touchscreen com LCD iPhone 6S Plus - Preto,Manutenção LCD/ Touch,M. iPhone 6S Plus,"300,00",3,3.0,OK,2025-09-11,,,
23994,Tampa de vidro com lente traseira para iPhone XR Branco,Manutenção Carcaça/Vidro Traseiro,M. iPhone XR,"400,00",2,,Divergente,2025-09-11,,,
23995,Câmera Traseira para iPhone XR,Manutenção Câmera,M. iPhone XR,"400,00",3,,Divergente,2025-09-11,,,
23893,Vidro e touchscreen com LCD iPhone 6S - Branco,Manutenção LCD/ Touch,M. iPhone 6S,"350,00",3,2.0,Divergente,2025-09-11,Falta 05257378,,
23997,Câmera Frontal e Sensor para iPhone XR,Manutenção Câmera,M. iPhone XR,"300,00",2,,Divergente,2025-09-11,,,
24105,Vidro e touchscreen com LCD iPhone 6S - Preto,Manutenção LCD/ Touch,M. iPhone 6S,"350,00",3,3.0,OK,2025-09-11,,,
24000,Speaker para iPhone XR,Manutenção Speaker,M. iPhone XR,"400,00",2,,Divergente,2025-09-11,,,
24325,Vidro e touchscreen com LCD iPhone 6 Plus - Preto,Manutenção LCD/ Touch,M. iPhone 6 Plus,"300,00",3,3.0,OK,2025-09-11,,,
24002,Aro com carcaça metalica para iPhone X Preto,Manutenção Carcaça/Vidro Traseiro,M. iPhone X,"400,00",2,,Divergente,2025-09-11,,,
24326,Vidro e touchscreen com LCD iPhone 6 Plus - Branco,Manutenção LCD/ Touch,M. iPhone 6 Plus,"300,00",4,4.0,OK,2025-09-11,,,
24004,Aro com carcaça metalica para iPhone X Branco,Manutenção Carcaça/Vidro Traseiro,M. iPhone X,"400,00",1,,Divergente,2025-09-11,,,
24103,Vidro e touchscreen com LCD iPhone 6 - Preto,Manutenção LCD/ Touch,M. iPhone 6,"250,00",5,5.0,OK,2025-09-11,,,
24006,Aro com carcaça metalica para iPhone XR Preto,Manutenção Carcaça/Vidro Traseiro,M. iPhone XR,"500,00",2,,Divergente,2025-09-11,,,
24104,Vidro e touchscreen com LCD iPhone 6 - Branco,Manutenção LCD/ Touch,M. iPhone 6,"250,00",2,2.0,OK,2025-09-11,,,
24008,Aro com carcaça metalica para iPhone XR Branco,Manutenção Carcaça/Vidro Traseiro,M. iPhone XR,"500,00",1,,Divergente,2025-09-11,,,
24012,Aro com carcaça metalica para iPhone XR Laranja,Manutenção Carcaça/Vidro Traseiro,M. iPhone XR,"500,00",1,,Divergente,2025-09-11,,,
24013,Aro com carcaça metalica para iPhone XR Azul,Manutenção Carcaça/Vidro Traseiro,M. iPhone XR,"500,00",1,,Divergente,2025-09-11,,,
24016,Aro com carcaça metalica para iPhone 8 Preto,Manutenção Carcaça/Vidro Traseiro,M. iPhone 8,"300,00",1,,Divergente,2025-09-11,,,
24021,Aro com carcaça metalica para iPhone XS Max - Preto,Manutenção Carcaça/Vidro Traseiro,M. iPhone XS Max,"500,00",1,,Divergente,2025-09-11,,,
24022,Aro com carcaça metalica para iPhone XS Max - Branco,Manutenção Carcaça/Vidro Traseiro,M. iPhone XS Max,"500,00",1,,Divergente,2025-09-11,,,
24023,Aro com carcaça metalica para iPhone 8 Plus Preto,Manutenção Carcaça/Vidro Traseiro,M. iPhone 8 Plus,"400,00",1,,Divergente,2025-09-11,,,
24024,Aro com carcaça metalica para iPhone XS Max - Dourado,Manutenção Carcaça/Vidro Traseiro,M. iPhone XS Max,"500,00",1,,Divergente,2025-09-11,,,
24025,Câmera Traseira para iPhone 6 Plus,Manutenção Câmera,M. iPhone 6 Plus,"150,00",4,,Divergente,2025-09-11,,,
24026,Aro com carcaça metalica para iPhone 8 Plus Branco,Manutenção Carcaça/Vidro Traseiro,M. iPhone 8 Plus,"400,00",1,,Divergente,2025-09-11,,,
24027,Câmera Frontal e Sensor para iPhone 6 Plus,Manutenção Câmera,M. iPhone 6 Plus,"150,00",2,,Divergente,2025-09-11,,,
24028,Aro com carcaça metalica para iPhone 8 Plus Dourado,Manutenção Carcaça/Vidro Traseiro,M. iPhone 8 Plus,"400,00",1,,Divergente,2025-09-11,,,
24029,Flex de Conector de Carga para iPhone 6 Plus Cinza Escuro,Manutenção Conector,M. iPhone 6 Plus,"400,00",1,,Divergente,2025-09-11,,,
24031,Flex de Conector de Carga para iPhone 6 Plus Branco,Manutenção Conector,M. iPhone 6 Plus,"180,00",4,,Divergente,2025-09-11,,,
24032,Câmera Traseira para iPhone 6S,Manutenção Câmera,M. iPhone 6S,"150,00",2,,Divergente,2025-09-11,,,
24033,Câmera Frontal e Sensor para iPhone 6S,Manutenção Câmera,M. iPhone 6S,"150,00",8,,Divergente,2025-09-11,,,
3533,Vidro e touchscreen com LCD iPhone 5S - Preto,Manutenção LCD/ Touch,M. iPhone 5S,,0,1.0,Divergente,2025-09-11,1 unidade estava em divergencia ,,
24100,Vidro e touchscreen com LCD iPhone 5S - Branco,Manutenção LCD/ Touch,M. iPhone 5S,"250,00",2,2.0,OK,2025-09-11,,,
27718,Vidro e touchscreen com LCD iPhone 16 Pro Max - Preto,Manutenção LCD/ Touch,M. iPhone 16 Pro Max,"3.800,00",2,2.0,OK,2025-09-11,,,
27717,Vidro e touchscreen com LCD iPhone 16 Pro - Preto,Manutenção LCD/ Touch,M. iPhone 16 Pro,"3.000,00",2,2.0,OK,2025-09-11,,,
28456,Vidro e touchscreen com LCD iPhone 16 Pro (SC) - Preto,Manutenção LCD/ Touch,M. iPhone 16 Pro,"3.000,00",1,1.0,OK,2025-09-11,,,
27716,Vidro e touchscreen com LCD iPhone 16 Plus - Preto,Manutenção LCD/ Touch,M. iPhone 16 Plus,"2.900,00",1,1.0,OK,2025-09-11,,,
28457,Vidro e touchscreen com LCD iPhone 16 (SC) - Preto,Manutenção LCD/ Touch,M. iPhone 16,"2.500,00",1,1.0,OK,2025-09-11,,,
26842,Vidro e touchscreen com LCD iPhone 15 Pro Max - Preto,Manutenção LCD/ Touch,M. iPhone 15 Pro Max,"3.200,00",1,1.0,OK,2025-09-11,,,
27746,Vidro e touchscreen com LCD iPhone 15 Pro Max (SC) - Preto,Manutenção LCD/ Touch,M. iPhone 15 Pro Max,"3.200,00",1,1.0,OK,2025-09-11,,,
27938,Vidro e touchscreen com LCD iPhone 15 Pro (SC) - Preto,Manutenção LCD/ Touch,M. iPhone 15 Pro,"2.500,00",2,2.0,OK,2025-09-11,,,
26845,Vidro e touchscreen com LCD iPhone 15 Plus - Preto,Manutenção LCD/ Touch,M. iPhone 15 Plus,"2.500,00",1,1.0,OK,2025-09-11,,,
27937,Vidro e touchscreen com LCD iPhone 15 (SC) - Preto,Manutenção LCD/ Touch,M. iPhone 15,"2.300,00",2,2.0,OK,2025-09-11,,,
26185,Vidro e touchscreen com LCD iPhone 14 Pro Max - Preto,Manutenção LCD/ Touch,M. iPhone 14 Pro Max,"2.800,00",2,2.0,OK,2025-09-11,,,
27097,Vidro e touchscreen com LCD iPhone 14 Pro Max (SC) - Preto,Manutenção LCD/ Touch,M. iPhone 14 Pro Max,"2.800,00",1,1.0,OK,2025-09-11,,,
27098,Vidro e touchscreen com LCD iPhone 14 Pro(SC) - Preto,Manutenção LCD/ Touch,M. iPhone 14 Pro,,0,1.0,Divergente,2025-09-11,Estava no rio sul,,
26184,Vidro e touchscreen com LCD iPhone 14 Pro - Preto,Manutenção LCD/ Touch,M. iPhone 14 Pro,"2.500,00",1,1.0,OK,2025-09-11,,,
26183,Vidro e touchscreen com LCD iPhone 14 Plus - Preto,Manutenção LCD/ Touch,M. iPhone 14 Plus,"2.500,00",2,2.0,OK,2025-09-11,,,
24117,Tampa de vidro com lente traseira para iPhone XS Max - Dourado,Manutenção Carcaça/Vidro Traseiro,M. iPhone XS Max,"400,00",2,,Divergente,2025-09-11,,,
24118,Flex de Conector de Carga para iPhone 6S - Branco,Manutenção Conector,M. iPhone 6S,"200,00",1,,Divergente,2025-09-11,,,
24119,Flex Power/Volume para iPhone 7,Manutenção Vibra / Volume / Power,M. iPhone 7,"200,00",3,,Divergente,2025-09-11,,,
24120,Motor do Vibra para iPhone 8/SE 2,Manutenção Vibra / Volume / Power,M. iPhone 8,"200,00",4,,Divergente,2025-09-11,,,
24121,Câmera Frontal e Sensor para iPhone 8 Plus,Manutenção Câmera,M. iPhone 8 Plus,"200,00",2,,Divergente,2025-09-11,,,
24122,Motor de função vibratória para iPhone 8 Plus,Manutenção Vibra / Volume / Power,M. iPhone 8 Plus,"200,00",3,,Divergente,2025-09-11,,,
24123,Tampa de vidro com lente traseira para iPhone XR - Vermelho,Manutenção Carcaça/Vidro Traseiro,M. iPhone XR,"400,00",1,,Divergente,2025-09-11,,,
24125,Tampa de vidro com lente traseira para iPhone XR - Amarelo,Manutenção Carcaça/Vidro Traseiro,M. iPhone XR,"400,00",1,,Divergente,2025-09-11,,,
24126,Flex de Conector de Carga para iPhone 11 - Amarelo,Manutenção Conector,M. iPhone 11,"400,00",2,,Divergente,2025-09-11,,,
24128,Flex de Conector de Carga para iPhone 11 - Roxo,Manutenção Conector,M. iPhone 11,"400,00",1,,Divergente,2025-09-11,,,
24129,Flex de Conector de Carga para iPhone 11 - Verde,Manutenção Conector,M. iPhone 11,"400,00",1,,Divergente,2025-09-11,,,
24134,Lente de vidro da câmera traseira para iPhone 8 - Prata,Manutenção Câmera,M. iPhone 8,"100,00",3,,Divergente,2025-09-11,,,
24135,Vidro da câmera traseira para iPhone 8 Plus - Prata,Manutenção Câmera,M. iPhone 8 Plus,"0,00",1,,Divergente,2025-09-11,,,
24136,Flex do conector de carga para iPhone SE - Branco,Manutenção Conector,M. iPhone SE,"600,00",1,,Divergente,2025-09-11,,,
24137,Flex do conector de carga para iPhone SE - Preto,Manutenção Conector,M. iPhone SE,"200,00",2,,Divergente,2025-09-11,,,
24140,Flex conector de carga para iPhone XR Branco,Manutenção Conector,M. iPhone XR,"300,00",2,,Divergente,2025-09-11,,,
24158,Alto-falante (Caixa de som) para iPad 2,Manutenção Speaker,iPad 2,"180,00",1,,Divergente,2025-09-11,,,
24160,Alto-falante (Caixa de som) para iPad 3,Manutenção Speaker,iPad 3,"500,00",5,,Divergente,2025-09-11,,,
27090,Vidro e touchscreen com LCD iPhone 14 Plus (SC) - Preto,Manutenção LCD/ Touch,M. iPhone 14 Plus,"2.500,00",1,1.0,OK,2025-09-11,,,
26182,Vidro e touchscreen com LCD iPhone 14 - Preto,Manutenção LCD/ Touch,M. iPhone 14,"2.000,00",2,2.0,OK,2025-09-11,,,
24167,Flex conector de carga para iPad 7 Preto,Manutenção Conector,iPad 7° Ger. 10.2p,"500,00",1,,Divergente,2025-09-11,,,
24168,Flex conector de carga para iPad 7 Branco,Manutenção Conector,iPad 7° Ger. 10.2p,"500,00",2,,Divergente,2025-09-11,,,
26979,Vidro e touchscreen com LCD iPhone 14 (SC) - Preto,Manutenção LCD/ Touch,M. iPhone 14,"2.000,00",3,3.0,OK,2025-09-11,,,
25489,Vidro e touchscreen com LCD iPhone 13 Pro Max - Preto,Manutenção LCD/ Touch,M. iPhone 13 Pro Max,"2.500,00",1,0.0,Divergente,2025-09-11,falta 08499730,,
24172,Conector de Carga para iPad Air 1 /iPad 5º - Branco,Manutenção Conector,iPad Air,"300,00",1,,Divergente,2025-09-11,,,
24179,Flex power - iPad 6 / Air 2,Manutenção Vibra / Volume / Power,iPad Air 2,"350,00",2,,Divergente,2025-09-11,,,
26721,Bateria de iPhone 14 Pro Max,Manutenção Bateria,M. iPhone 14 Pro Max,"800,00",4,4.0,OK,2025-09-11,,,
26768,Vidro e touchscreen com LCD iPhone 13 Pro Max (SC) - Preto,Manutenção LCD/ Touch,M. iPhone 13 Pro Max,"2.500,00",5,4.0,Divergente,2025-09-11,Falta 10404083,,
25488,Vidro e touchscreen com LCD iPhone 13 Pro - Preto,Manutenção LCD/ Touch,M. iPhone 13 Pro,"2.000,00",2,2.0,OK,2025-09-11,,,
26769,Vidro e touchscreen com LCD iPhone 13 Pro (SC) - Preto,Manutenção LCD/ Touch,M. iPhone 13 Pro,"2.000,00",2,2.0,OK,2025-09-11,,,
26366,Vidro e touchscreen com LCD iPhone 13 Mini - Preto,Manutenção LCD/ Touch,M. iPhone 13 Mini,"1.300,00",2,2.0,OK,2025-09-11,,,
25487,Vidro e touchscreen com LCD iPhone 13 - Preto,Manutenção LCD/ Touch,M. iPhone 13,"1.800,00",1,1.0,OK,2025-09-11,,,
26601,Vidro e touchscreen com LCD iPhone 13 (SC) - Preto,Manutenção LCD/ Touch,M. iPhone 13,"1.800,00",4,4.0,OK,2025-09-11,,,
24894,Vidro e touchscreen com LCD iPhone 12 Pro Max - Preto,Manutenção LCD/ Touch,M. iPhone 12 Pro Max,"1.800,00",3,3.0,OK,2025-09-11,,,
26600,Vidro e touchscreen com LCD iPhone 12 Pro Max (SC) - Preto,Manutenção LCD/ Touch,M. iPhone 12 Pro Max,"1.800,00",3,3.0,OK,2025-09-11,,,
24892,Vidro e touchscreen com LCD iPhone 12/12 Pro - Preto,Manutenção LCD/ Touch,M. iPhone 12 Pro,"1.500,00",1,1.0,OK,2025-09-11,,,
24344,Conector de carga para iPhone XR Preto,Manutenção Conector,M. iPhone XR,"300,00",1,,Divergente,2025-09-11,,,
26957,Bateria de iPhone 14 Pro Max - Sem Flex,Manutenção Bateria,M. iPhone 14 Pro Max,"800,00",1,1.0,OK,2025-09-11,,,
26599,Vidro e touchscreen com LCD iPhone 12/12 Pro (SC) - Preto,Manutenção LCD/ Touch,M. iPhone 12 Pro,"1.500,00",3,3.0,OK,2025-09-11,,,
24413,Câmera Frontal e Sensor para iPhone 6,Manutenção Câmera,M. iPhone 6,"150,00",3,,Divergente,2025-09-11,,,
24415,Flex de Conector de Carga para iPhone 6 - Branco,Manutenção Conector,M. iPhone 6,"300,00",3,,Divergente,2025-09-11,,,
24417,Flex de Conector de Carga para iPhone 6S - Cinza Escuro,Manutenção Conector,M. iPhone 6S,"200,00",2,,Divergente,2025-09-11,,,
24422,Lente de Vidro da Câmera traseira para iPhone 7,Manutenção Câmera,,"100,00",2,,Divergente,2025-09-11,,,
24426,Lente de vidro da Câmera Traseira para iPhone 7 Plus - Preta,Manutenção Câmera,M. iPhone 7 Plus,"100,00",1,,Divergente,2025-09-11,,,
24428,Tampa de vidro com lente traseira para iPhone 8 - Preta,Manutenção Carcaça/Vidro Traseiro,M. iPhone 8,"200,00",2,,Divergente,2025-09-11,,,
24429,Speaker para iPhone 8,Manutenção Speaker,M. iPhone 8,"0,00",2,,Divergente,2025-09-11,,,
24431,Lente de vidro da Câmera Traseira para iPhone 8 - Preta,Manutenção Câmera,M. iPhone 8,"100,00",1,,Divergente,2025-09-11,,,
24432,Tampa de vidro com lente traseira para iPhone 8 Plus - Preta,Manutenção Carcaça/Vidro Traseiro,M. iPhone 8 Plus,"300,00",2,,Divergente,2025-09-11,,,
24436,Lente de vidro da Câmera Traseira para iPhone 8 Plus - Prata,Manutenção Câmera,M. iPhone 8 Plus,"200,00",2,,Divergente,2025-09-11,,,
24439,Lente de vidro da Câmera Traseira para iPhone X - Prata,Manutenção Câmera,M. iPhone X,"200,00",2,,Divergente,2025-09-11,,,
24447,Flex do Conector de Carga para iPad 2,Manutenção Conector,iPad 2,"300,00",4,,Divergente,2025-09-11,,,
24891,Vidro e touchscreen com LCD iPhone 12 Mini - Preto,Manutenção LCD/ Touch,M. iPhone 12 Mini,"1.000,00",2,2.0,OK,2025-09-11,,,
24470,Flex Volume/carregador sem fio - iPhone 11 Pro Max,Manutenção Vibra / Volume / Power,M. iPhone 11 Pro Max,"400,00",1,,Divergente,2025-09-11,,,
26722,Bateria de iPhone 14 Pro,Manutenção Bateria,M. iPhone 14 Pro,"700,00",4,4.0,OK,2025-09-11,,,
26958,Bateria de iPhone 14 Pro - Sem Flex,Manutenção Bateria,M. iPhone 14 Pro,"700,00",4,4.0,OK,2025-09-11,,,
24113,Vidro e touchscreen com LCD iPhone 11 Pro Max - Preto,Manutenção LCD/ Touch,M. iPhone 11 Pro Max,"1.000,00",3,2.0,Divergente,2025-09-11,falta 7278647,,
24112,Vidro e touchscreen com LCD iPhone 11 Pro - Preto,Manutenção LCD/ Touch,M. iPhone 11 Pro,"800,00",1,1.0,OK,2025-09-11,,,
26766,Vidro e touchscreen com LCD iPhone 11 Pro (SC) - Preto,Manutenção LCD/ Touch,M. iPhone 11 Pro,"800,00",3,3.0,OK,2025-09-11,,,
24586,Flex de conector de carga para iPhone 5S - Preto,Manutenção Conector,M. iPhone 5S,"400,00",2,,Divergente,2025-09-11,,,
24588,Flex de conector de carga para iPhone 6S Plus - Branco,Manutenção Conector,M. iPhone 6S Plus,"150,00",3,,Divergente,2025-09-11,,,
24589,Flex de conector de carga para iPhone 6S Plus - Cinza,Manutenção Conector,M. iPhone 6S Plus,"200,00",3,,Divergente,2025-09-11,,,
24591,Flex de Conector de Carga para iPad Mini 2/3 - Preto,Manutenção Conector,iPad Mini,"400,00",2,,Divergente,2025-09-11,,,
24592,Flex de Conector de Carga para iPad Air 2 - Branco,Manutenção Conector,iPad Air 2,"400,00",1,,Divergente,2025-09-11,,,
24593,Flex de Conector de Carga para iPad Air 2 - Preto,Manutenção Conector,iPad Air 2,"500,00",2,,Divergente,2025-09-11,,,
24594,Flex de Conector de Carga para iPad Mini 4 - Branco,Manutenção Conector,iPad Mini,"300,00",2,,Divergente,2025-09-11,,,
24595,Flex de Conector de Carga para iPad Mini 4 - Preto,Manutenção Conector,iPad Mini,"300,00",2,,Divergente,2025-09-11,,,
24596,Câmera Frontal para iPhone 12,Manutenção Câmera,M. iPhone 12,"600,00",1,,Divergente,2025-09-11,,,
24599,Câmera Frontal para iphone 12 Pro Max,Manutenção Câmera,M. iPhone 12 Pro Max,"800,00",1,,Divergente,2025-09-11,,,
24601,Câmera Traseira para iphone 12 Pro,Manutenção Câmera,M. iPhone 12 Pro,"800,00",1,,Divergente,2025-09-11,,,
24603,Câmera Traseira para iPhone 12,Manutenção Câmera,M. iPhone 12,"700,00",1,,Divergente,2025-09-11,,,
24604,Tampa de vidro com lente traseira para iPhone 12 - Azul,Manutenção Carcaça/Vidro Traseiro,M. iPhone 12,"400,00",1,,Divergente,2025-09-11,,,
24605,Tampa de vidro com lente traseira para iPhone 12 - Branco,Manutenção Carcaça/Vidro Traseiro,M. iPhone 12,"400,00",3,,Divergente,2025-09-11,,,
24606,Tampa de vidro com lente traseira para iPhone 12 - Preto,Manutenção Carcaça/Vidro Traseiro,M. iPhone 12,"400,00",2,,Divergente,2025-09-11,,,
24607,Tampa de vidro com lente traseira para iPhone 12 - Verde,Manutenção Carcaça/Vidro Traseiro,M. iPhone 12,"400,00",2,,Divergente,2025-09-11,,,
24608,Tampa de vidro com lente traseira para iPhone 12 - Vermelho,Manutenção Carcaça/Vidro Traseiro,M. iPhone 12,"400,00",2,,Divergente,2025-09-11,,,
24609,Tampa de vidro com lente traseira para iPhone 12 Mini - Vermelho,Manutenção Carcaça/Vidro Traseiro,M. iPhone 12 Mini,"400,00",1,,Divergente,2025-09-11,,,
24610,Tampa de vidro com lente traseira para iPhone 12 Mini - Verde,Manutenção Carcaça/Vidro Traseiro,M. iPhone 12 Mini,"400,00",1,,Divergente,2025-09-11,,,
24613,Tampa de vidro com lente traseira para iPhone 12 Mini - Branco,Manutenção Carcaça/Vidro Traseiro,M. iPhone 12 Mini,"400,00",1,,Divergente,2025-09-11,,,
24614,Tampa de vidro com lente traseira para iPhone 12 Pro - Grafite,Manutenção Carcaça/Vidro Traseiro,M. iPhone 12 Pro,"700,00",2,,Divergente,2025-09-11,,,
24615,Tampa de vidro com lente traseira para iPhone 12 Pro - Prata,Manutenção Carcaça/Vidro Traseiro,M. iPhone 12 Pro,"700,00",2,,Divergente,2025-09-11,,,
24616,Tampa de vidro com lente traseira para iPhone 12 Pro - Dourado,Manutenção Carcaça/Vidro Traseiro,M. iPhone 12 Pro,"700,00",1,,Divergente,2025-09-11,,,
24617,Tampa de vidro com lente traseira para iPhone 12 Pro - Azul,Manutenção Carcaça/Vidro Traseiro,M. iPhone 12 Pro,"700,00",2,,Divergente,2025-09-11,,,
24618,Tampa de vidro com lente traseira para iPhone 12 Pro Max - Azul,Manutenção Carcaça/Vidro Traseiro,M. iPhone 12 Pro Max,"800,00",2,,Divergente,2025-09-11,,,
24619,Tampa de vidro com lente traseira para iPhone 12 Pro Max - Dourado,Manutenção Carcaça/Vidro Traseiro,M. iPhone 12 Pro Max,"800,00",3,,Divergente,2025-09-11,,,
24620,Tampa de vidro com lente traseira para iPhone 12 Pro Max - Prata,Manutenção Carcaça/Vidro Traseiro,M. iPhone 12 Pro Max,"800,00",3,,Divergente,2025-09-11,,,
24621,Tampa de vidro com lente traseira para iPhone 12 Pro Max - Grafite,Manutenção Carcaça/Vidro Traseiro,M. iPhone 12 Pro Max,"800,00",2,,Divergente,2025-09-11,,,
24622,Aro com carcaça metalica para iPhone 12 Pro Max - Grafite,Manutenção Carcaça/Vidro Traseiro,M. iPhone 12 Pro Max,"1.200,00",2,,Divergente,2025-09-11,,,
24623,Aro com carcaça metalica para iPhone 12 Pro Max - Dourado,Manutenção Carcaça/Vidro Traseiro,M. iPhone 12 Pro Max,"1.200,00",1,,Divergente,2025-09-11,,,
24624,Aro com carcaça metalica para iPhone 12 Pro Max - Prata,Manutenção Carcaça/Vidro Traseiro,M. iPhone 12 Pro Max,"1.200,00",1,,Divergente,2025-09-11,,,
24625,Aro com carcaça metalica para iPhone 12 Pro Max - Azul,Manutenção Carcaça/Vidro Traseiro,M. iPhone 12 Pro Max,"1.200,00",1,,Divergente,2025-09-11,,,
24626,Aro com carcaça metalica para iPhone 12 Pro - Azul,Manutenção Carcaça/Vidro Traseiro,M. iPhone 12 Pro,"1.000,00",1,,Divergente,2025-09-11,,,
24627,Aro com carcaça metalica para iPhone 12 Pro - Grafite,Manutenção Carcaça/Vidro Traseiro,M. iPhone 12 Pro,"1.000,00",1,,Divergente,2025-09-11,,,
24628,Aro com carcaça metalica para iPhone 12 Pro - Dourado,Manutenção Carcaça/Vidro Traseiro,M. iPhone 12 Pro,"1.000,00",1,,Divergente,2025-09-11,,,
24629,Aro com carcaça metalica para iPhone 12 Pro - Prata,Manutenção Carcaça/Vidro Traseiro,M. iPhone 12 Pro,"1.000,00",2,,Divergente,2025-09-11,,,
24630,Aro com carcaça metalica para iPhone 12 - Branco,Manutenção Carcaça/Vidro Traseiro,M. iPhone 12,"900,00",1,,Divergente,2025-09-11,,,
24631,Aro com carcaça metalica para iPhone 12 - Preto,Manutenção Carcaça/Vidro Traseiro,M. iPhone 12,"900,00",1,,Divergente,2025-09-11,,,
24633,Aro com carcaça metalica para iPhone 12 - Verde,Manutenção Carcaça/Vidro Traseiro,M. iPhone 12,"900,00",1,,Divergente,2025-09-11,,,
24634,Aro com carcaça metalica para iPhone 12 - Vermelho,Manutenção Carcaça/Vidro Traseiro,M. iPhone 12,"900,00",1,,Divergente,2025-09-11,,,
24635,Aro com carcaça metalica para iPhone 12 Mini - Vermelho,Manutenção Carcaça/Vidro Traseiro,M. iPhone 12 Mini,"600,00",1,,Divergente,2025-09-11,,,
24653,Aro com carcaça metalica para iPhone 11 Branco,Manutenção Carcaça/Vidro Traseiro,M. iPhone 11,"500,00",1,,Divergente,2025-09-11,,,
24682,Alto-falante (saída auricular) para iPhone 11,Manutenção Alto Falante,M. iPhone 11,"300,00",1,,Divergente,2025-09-11,,,
24690,Conector de Carga para iPhone 8 Preto,Manutenção Conector,M. iPhone 8,"200,00",1,,Divergente,2025-09-11,,,
27017,Bateria de iPhone 14 Plus - Sem Flex,Manutenção Bateria,M. iPhone 14 Plus,"700,00",1,1.0,OK,2025-09-11,,,
26598,Vidro e touchscreen com LCD iPhone 11 (SC) - Preto,Manutenção LCD/ Touch,M. iPhone 11,"800,00",4,4.0,OK,2025-09-11,,,
24584,Vidro e touchscreen com LCD iPad Pro 9.7 - Preto,Manutenção LCD/ Touch,iPad Pro 9.7p,"1.600,00",2,2.0,OK,2025-09-11,,,
24806,Lente de Vidro da Câmera iPhone 11 - P,Manutenção Câmera,M. iPhone 11,"250,00",1,,Divergente,2025-09-11,,,
24808,Lente de Vidro da Câmera iPhone 11 - G,Manutenção Câmera,M. iPhone 11,"250,00",3,,Divergente,2025-09-11,,,
24809,Lente de Vidro da Câmera iPhone 11 Pro - P,Manutenção Câmera,M. iPhone 11 Pro,"250,00",2,,Divergente,2025-09-11,,,
24812,Lente de Vidro da Câmera iPhone 11 Pro Max - P,Manutenção Câmera,M. iPhone 11 Pro Max,"250,00",3,,Divergente,2025-09-11,,,
24814,Lente de Vidro da Câmera iPhone 11 Pro Max - G,Manutenção Câmera,M. iPhone 11 Pro Max,"250,00",1,,Divergente,2025-09-11,,,
24874,Aro com carcaça metalica para iPhone 11 Amarelo,Manutenção Carcaça/Vidro Traseiro,M. iPhone 11,"500,00",1,,Divergente,2025-09-11,,,
24875,Aro com carcaça metalica para iPhone 11 Vermelho,Manutenção Carcaça/Vidro Traseiro,M. iPhone 11,"500,00",1,,Divergente,2025-09-11,,,
24876,Aro com carcaça metalica para iPhone 11 Roxo,Manutenção Carcaça/Vidro Traseiro,M. iPhone 11,"500,00",1,,Divergente,2025-09-11,,,
24877,Aro com carcaça metalica para iPhone 11 Preto,Manutenção Carcaça/Vidro Traseiro,M. iPhone 11,"500,00",1,,Divergente,2025-09-11,,,
24878,Aro com carcaça metalica para iPhone 11 Verde,Manutenção Carcaça/Vidro Traseiro,M. iPhone 11,"500,00",1,,Divergente,2025-09-11,,,
24880,Aro com carcaça metalica para iPhone 11 Pro - Prata,Manutenção Carcaça/Vidro Traseiro,M. iPhone 11 Pro,"600,00",2,,Divergente,2025-09-11,,,
24881,Aro com carcaça metalica para iPhone 11 Pro - Dourado,Manutenção Carcaça/Vidro Traseiro,M. iPhone 11 Pro,"600,00",1,,Divergente,2025-09-11,,,
24882,Aro com carcaça metalica para iPhone 11 Pro Max - Verde,Manutenção Carcaça/Vidro Traseiro,M. iPhone 11 Pro Max,"800,00",1,,Divergente,2025-09-11,,,
24884,Aro com carcaça metalica para iPhone 11 Pro Max - Branco,Manutenção Carcaça/Vidro Traseiro,M. iPhone 11 Pro Max,"800,00",1,,Divergente,2025-09-11,,,
24885,Aro com carcaça metalica para iPhone 11 Pro Max - Gold,Manutenção Carcaça/Vidro Traseiro,M. iPhone 11 Pro Max,"800,00",1,,Divergente,2025-09-11,,,
24219,Vidro e touchscreen com LCD iPad Pro 12.9 (2° Ger) - A1670 / A1671 / A1821 - Preto,Manutenção LCD/ Touch,iPad Pro 12.9,"3.000,00",1,1.0,OK,2025-09-11,,,
24220,Vidro e touchscreen com LCD iPad Pro 12.9 (2° Ger) - A1670 / A1671 / A1821 - Branco,Manutenção LCD/ Touch,iPad Pro 12.9,"3.000,00",1,1.0,OK,2025-09-11,,,
24582,Vidro e touchscreen com LCD iPad Pro 10.5 (A1701/A1709) - Branco,Manutenção LCD/ Touch,iPad Pro 10.5,"2.500,00",1,1.0,OK,2025-09-11,,,
24585,Vidro e touchscreen com LCD iPad Pro 9.7 - Branco,Manutenção LCD/ Touch,iPad New 9.7,"1.600,00",2,2.0,OK,2025-09-11,,,
24888,Vidro e touchscreen com LCD iPad Mini 5 - Preto,Manutenção LCD/ Touch,iPad Mini 5,"1.300,00",1,1.0,OK,2025-09-11,,,
24889,Vidro e touchscreen com LCD iPad Mini 5 - Branco,Manutenção LCD/ Touch,iPad Mini 5,"1.300,00",2,2.0,OK,2025-09-11,,,
24899,Flex sensor/ alto falante - iPhone XS,Manutenção Flex do Sensor,M. iPhone XS,"300,00",4,,Divergente,2025-09-11,,,
27229,Bateria de iPhone 14 Plus,Manutenção Bateria,M. iPhone 14 Plus,"700,00",2,2.0,OK,2025-09-11,,,
24901,Flex sensor/ alto falante - iPhone XR,Manutenção Flex do Sensor,M. iPhone XR,"400,00",2,,Divergente,2025-09-11,,,
25104,Lente de Vidro da Câmera iPhone XR - Avulsa,Manutenção Câmera,M. iPhone XR,"250,00",5,,Divergente,2025-09-11,,,
26723,Bateria de iPhone 14,Manutenção Bateria,M. iPhone 14,"700,00",1,1.0,OK,2025-09-11,,,
25178,Lente de Vidro da Câmera para iPhone 12 - G,Manutenção Câmera,M. iPhone 12,"250,00",3,,Divergente,2025-09-11,,,
25228,Lente de Vidro da Câmera para iPhone 12 - P,Manutenção Câmera,M. iPhone 12,"250,00",3,,Divergente,2025-09-11,,,
25232,Lente de Vidro da Câmera para iPhone 12 Pro - G,Manutenção Câmera,M. iPhone 12 Pro,"250,00",3,,Divergente,2025-09-11,,,
25238,Flex sensor/ alto falante - iPhone 11 Pro,Manutenção Flex do Sensor,M. iPhone 11 Pro,"400,00",2,,Divergente,2025-09-11,,,
25247,Lente de Vidro da Câmera para iPhone 12 Pro Max - P,Manutenção Câmera,M. iPhone 12 Pro Max,"250,00",3,,Divergente,2025-09-11,,,
25248,Lente de Vidro da Câmera para iPhone 12 Pro Max - G,Manutenção Câmera,M. iPhone 12 Pro Max,"250,00",3,,Divergente,2025-09-11,,,
25265,Lente de Vidro da Câmera para iPhone 12 Pro - P,Manutenção Câmera,M. iPhone 12 Pro,"250,00",2,,Divergente,2025-09-11,,,
25330,Flex Power - iPhone 11,Manutenção Vibra / Volume / Power,M. iPhone 11,"400,00",2,,Divergente,2025-09-11,,,
26959,Bateria de iPhone 14 - Sem Flex,Manutenção Bateria,M. iPhone 14,"700,00",3,3.0,OK,2025-09-11,,,
25370,Flex Sensor / Alto falante - iPhone XS Max,Manutenção Flex do Sensor,M. iPhone XS Max,"400,00",2,,Divergente,2025-09-11,,,
25371,Flex Sensor / Alto falante - iPhone 11 Pro Max,Manutenção Flex do Sensor,M. iPhone 11 Pro Max,"400,00",3,,Divergente,2025-09-11,,,
26270,Bateria de iPhone 13 Pro Max,Manutenção Bateria,M. iPhone 13 Pro Max,"600,00",4,4.0,OK,2025-09-11,,,
25378,Flex sensor / Alto falante - iPhone X,Manutenção Flex do Sensor,M. iPhone X,"300,00",2,,Divergente,2025-09-11,,,
25414,Tampa de vidro com lente traseira para iPhone 12 - Roxo,Manutenção Carcaça/Vidro Traseiro,M. iPhone 12,"400,00",2,,Divergente,2025-09-11,,,
25415,Flex Volume - iPhone 11,Manutenção Vibra / Volume / Power,M. iPhone 11,"400,00",2,,Divergente,2025-09-11,,,
25419,Motor do Vibra - iPhone 11 Pro Max,Manutenção Vibra / Volume / Power,M. iPhone 11 Pro Max,"400,00",1,,Divergente,2025-09-11,,,
25423,Flex sensor/ alto falante - iPhone 12 Mini,Manutenção Flex do Sensor,M. iPhone 12 Mini,"400,00",1,,Divergente,2025-09-11,,,
25432,Conector de Carga iPhone 12 Pro Max - Preto,Manutenção Conector,M. iPhone 12 Pro Max,"500,00",2,,Divergente,2025-09-11,,,
25435,Flex Sensor/Alto falante - iPhone 12 Pro Max,Manutenção Flex do Sensor,M. iPhone 12 Pro Max,"500,00",4,,Divergente,2025-09-11,,,
25438,Speaker - iPhone 12 Pro Max,Manutenção Speaker,M. iPhone 12 Pro Max,"500,00",2,,Divergente,2025-09-11,,,
25440,Flex Sensor / Alto falante - iPhone 12,Manutenção Flex do Sensor,M. iPhone 12,"500,00",1,,Divergente,2025-09-11,,,
25449,Câmera Traseira - iPhone 11,Manutenção Câmera,M. iPhone 11,"400,00",2,,Divergente,2025-09-11,,,
25450,Câmera Frontal - iPhone 11 Pro Max,Manutenção Câmera,M. iPhone 11 Pro Max,"450,00",1,,Divergente,2025-09-11,,,
25451,Câmera Traseira - iPhone 11 Pro Max,Manutenção Câmera,M. iPhone 11 Pro Max,"500,00",2,,Divergente,2025-09-11,,,
23924,LCD para iPad Mini 2/3,Manutenção LCD/ Touch,iPad Mini,"350,00",2,2.0,OK,2025-09-11,,,
23963,Vidro e touchscreen com LCD iPad Mini 4 - Branco,Manutenção LCD/ Touch,iPad Mini,"800,00",2,2.0,OK,2025-09-11,,,
23968,Vidro e touchscreen com LCD iPad Mini 4 - Preto,Manutenção LCD/ Touch,iPad Mini,"800,00",1,2.0,Divergente,2025-09-11,outro codigo que consta la 6187079,,
25490,Conector de Carga iPhone 13 - Branco,Manutenção Conector,M. iPhone 13,"500,00",1,,Divergente,2025-09-11,,,
25491,Conector de Carga iPhone 13 - Preto,Manutenção Conector,M. iPhone 13,"500,00",2,,Divergente,2025-09-11,,,
25493,Conector de Carga iPhone 13 Pro - Preto,Manutenção Conector,M. iPhone 13 Pro,"500,00",2,,Divergente,2025-09-11,,,
25495,Conector de Carga iPhone 13 Pro Max - Preto,Manutenção Conector,M. iPhone 13 Pro Max,"500,00",1,,Divergente,2025-09-11,,,
24005,Vidro e touchscreen iPad Mini 1/2 - Preto,Manutenção LCD/ Touch,iPad Mini,"400,00",3,3.0,OK,2025-09-11,,,
24007,Vidro e touchscreen iPad Mini 1/2 - Branco,Manutenção LCD/ Touch,iPad Mini,"400,00",1,,Divergente,2025-09-11,"Substituir codigo , o certo é LCD mini 1 ",,
25718,Lente de Vidro da Câmera para iPhone 13 - P,Manutenção Câmera,M. iPhone 13,"350,00",2,,Divergente,2025-09-11,,,
25719,Lente de Vidro da Câmera para iPhone 13 - G,Manutenção Câmera,M. iPhone 13,"350,00",2,,Divergente,2025-09-11,,,
25720,Lente de Vidro da Câmera para iPhone 13 Pro - G,Manutenção Câmera,M. iPhone 13 Pro,"350,00",3,,Divergente,2025-09-11,,,
25721,Lente de Vidro da Câmera para iPhone 13 Pro Max - P,Manutenção Câmera,M. iPhone 13 Pro Max,"400,00",4,,Divergente,2025-09-11,,,
25722,Lente de Vidro da Câmera para iPhone 13 Pro Max - G,Manutenção Câmera,M. iPhone 13 Pro Max,"400,00",2,,Divergente,2025-09-11,,,
25723,Lente de Vidro da Câmera para iPhone 13 Pro - P,Manutenção Câmera,M. iPhone 13 Pro,"350,00",2,,Divergente,2025-09-11,,,
25724,Carcaça completa para iPhone 13 - Preto,Manutenção Carcaça/Vidro Traseiro,M. iPhone 13,"900,00",1,,Divergente,2025-09-11,,,
25727,Carcaça completa para iPhone 13 - Rose,Manutenção Carcaça/Vidro Traseiro,M. iPhone 13,"900,00",1,,Divergente,2025-09-11,,,
25728,Carcaça completa para iPhone 13 Pro - Preto,Manutenção Carcaça/Vidro Traseiro,M. iPhone 13 Pro,"1.200,00",2,,Divergente,2025-09-11,,,
25729,Carcaça completa para iPhone 13 Pro - Azul,Manutenção Carcaça/Vidro Traseiro,M. iPhone 13 Pro,"1.200,00",1,,Divergente,2025-09-11,,,
25730,Carcaça completa para iPhone 13 Pro - Branco,Manutenção Carcaça/Vidro Traseiro,M. iPhone 13 Pro,"1.200,00",1,,Divergente,2025-09-11,,,
25732,Carcaça completa para iPhone 13 Pro Max - Preto,Manutenção Carcaça/Vidro Traseiro,M. iPhone 13 Pro Max,"1.500,00",1,,Divergente,2025-09-11,,,
25733,Carcaça completa para iPhone 13 Pro Max - Azul,Manutenção Carcaça/Vidro Traseiro,M. iPhone 13 Pro Max,"1.500,00",1,,Divergente,2025-09-11,,,
25734,Carcaça completa para iPhone 13 Pro Max - Dourado,Manutenção Carcaça/Vidro Traseiro,M. iPhone 13 Pro Max,"1.500,00",1,,Divergente,2025-09-11,,,
25736,Tampa traseira de vidro para iPhone 13 - Preto,Manutenção Carcaça/Vidro Traseiro,M. iPhone 13,"800,00",2,,Divergente,2025-09-11,,,
25738,Tampa traseira de vidro para iPhone 13 - Branco,Manutenção Carcaça/Vidro Traseiro,M. iPhone 13,"800,00",3,,Divergente,2025-09-11,,,
25739,Tampa traseira de vidro para iPhone 13 - Rose,Manutenção Carcaça/Vidro Traseiro,M. iPhone 13,"800,00",1,,Divergente,2025-09-11,,,
25740,Tampa traseira de vidro para iPhone 13 - Vermelho,Manutenção Carcaça/Vidro Traseiro,M. iPhone 13,"800,00",2,,Divergente,2025-09-11,,,
25741,Tampa traseira de vidro para iPhone 13 - Verde,Manutenção Carcaça/Vidro Traseiro,M. iPhone 13,"800,00",2,,Divergente,2025-09-11,,,
25742,Tampa traseira de vidro para iPhone 13 Pro - Preto,Manutenção Carcaça/Vidro Traseiro,M. iPhone 13 Pro,"700,00",2,,Divergente,2025-09-11,,,
25743,Tampa traseira de vidro para iPhone 13 Pro - Azul,Manutenção Carcaça/Vidro Traseiro,M. iPhone 13 Pro,"700,00",3,,Divergente,2025-09-11,,,
25744,Tampa traseira de vidro para iPhone 13 Pro - Dourado,Manutenção Carcaça/Vidro Traseiro,M. iPhone 13 Pro,"700,00",2,,Divergente,2025-09-11,,,
25745,Tampa traseira de vidro para iPhone 13 Pro - Branco,Manutenção Carcaça/Vidro Traseiro,M. iPhone 13 Pro,"700,00",2,,Divergente,2025-09-11,,,
25746,Tampa traseira de vidro para iPhone 13 Pro - Verde,Manutenção Carcaça/Vidro Traseiro,M. iPhone 13 Pro,"700,00",1,,Divergente,2025-09-11,,,
25748,Tampa traseira de vidro para iPhone 13 Pro Max - Azul,Manutenção Carcaça/Vidro Traseiro,M. iPhone 13 Pro Max,"800,00",2,,Divergente,2025-09-11,,,
25749,Tampa traseira de vidro para iPhone 13 Pro Max - Dourado,Manutenção Carcaça/Vidro Traseiro,M. iPhone 13 Pro Max,"800,00",5,,Divergente,2025-09-11,,,
25751,Lente de Vidro da Câmera para iPhone 13 Mini - P,Manutenção Câmera,M. iPhone 13 Mini,"300,00",2,,Divergente,2025-09-11,,,
25752,Lente de Vidro da Câmera para iPhone 13 Mini - G,Manutenção Câmera,M. iPhone 13 Mini,"300,00",2,,Divergente,2025-09-11,,,
24330,LCD para iPad Mini,Manutenção LCD/ Touch,iPad Mini,"400,00",1,1.0,OK,2025-09-11,,,
26955,Bateria de iPhone 13 Pro Max - Sem Flex,Manutenção Bateria,M. iPhone 13 Pro Max,"600,00",2,2.0,OK,2025-09-11,,,
25757,Lente de Vidro da Câmera para iPhone 13 Pro Max - M,Manutenção Câmera,M. iPhone 13 Pro Max,"400,00",3,,Divergente,2025-09-11,,,
25788,Flex Power / Flash - iPhone 11 Pro,Manutenção Vibra / Volume / Power,M. iPhone 11 Pro,"400,00",1,,Divergente,2025-09-11,,,
25796,Flex conector de carga - iPad 8 / iPad 9 Preto,Manutenção Conector,iPad 8° Ger. 10.2,"500,00",2,,Divergente,2025-09-11,,,
25797,Flex conector de carga - iPad 8 / iPad 9 Branco,Manutenção Conector,iPad 8° Ger. 10.2,"500,00",1,,Divergente,2025-09-11,,,
25838,Flex power / volume - iPad 5,Manutenção Vibra / Volume / Power,iPad 5,"250,00",1,,Divergente,2025-09-11,,,
25842,Flex conector de carga - iPad Air 4,Manutenção Conector,iPad Air 4. Manut,"500,00",2,,Divergente,2025-09-11,,,
25859,Flex conector de carga - iPad Mini 5 Preto,Manutenção Conector,iPad Mini 5,"400,00",1,,Divergente,2025-09-11,,,
25869,Câmera frontal - iPad 7 / 8 / 9,Manutenção Câmera,iPad 7° Ger. 10.2p,"600,00",1,,Divergente,2025-09-11,,,
26056,Lente de vidro da câmera traseira para iPhone X - Avulsa,Manutenção Câmera,M. iPhone X,"200,00",2,,Divergente,2025-09-11,,,
26092,Lente de Vidro da Câmera para iPhone 12 Pro - M,Manutenção Câmera,M. iPhone 12 Pro,"250,00",2,,Divergente,2025-09-11,,,
26093,Lente de Vidro da Câmera para iPhone 12 Pro Max - M,Manutenção Câmera,M. iPhone 12 Pro Max,"250,00",2,,Divergente,2025-09-11,,,
26269,Bateria de iPhone 13 Pro,Manutenção Bateria,M. iPhone 13 Pro,"600,00",2,2.0,OK,2025-09-11,,,
26132,Flex sensor de proximidade - iPhone 13 Pro Max,Manutenção Flex do Sensor,M. iPhone 13 Pro Max,"500,00",3,,Divergente,2025-09-11,,,
26139,Flex sensor face ID - iPhone 13 Pro,Manutenção Flex do Sensor,M. iPhone 13 Pro,"500,00",3,,Divergente,2025-09-11,,,
26140,Flex sensor face ID - iPhone 13,Manutenção Flex do Sensor,M. iPhone 13,"500,00",2,,Divergente,2025-09-11,,,
26177,Tampa traseira de vidro para iPhone 14 - Meia-noite,Manutenção Carcaça/Vidro Traseiro,M. iPhone 14,"800,00",2,,Divergente,2025-09-11,,,
26178,Tampa traseira de vidro para iPhone 14 - Roxo,Manutenção Carcaça/Vidro Traseiro,M. iPhone 14,"800,00",3,,Divergente,2025-09-11,,,
26179,Tampa de vidro para iPhone 14 - Estelar,Manutenção Carcaça/Vidro Traseiro,M. iPhone 14,"800,00",4,,Divergente,2025-09-11,,,
26180,Tampa traseira de vidro para iPhone 14 - Vermelho,Manutenção Carcaça/Vidro Traseiro,M. iPhone 14,"800,00",3,,Divergente,2025-09-11,,,
26181,Tampa traseira de vidro para iPhone 14 - Azul,Manutenção Carcaça/Vidro Traseiro,M. iPhone 14,"800,00",3,,Divergente,2025-09-11,,,
24454,Vidro e touchscreen iPad Mini 3 - Preta,Manutenção LCD/ Touch,iPad Mini,"400,00",4,4.0,OK,2025-09-11,,,
25753,Vidro e touchscreen com LCD iPad Air 4 ,Manutenção LCD/ Touch,iPad Air 4. Manut,"2.600,00",2,2.0,OK,2025-09-11,,,
23926,Vidro e touchscreen com LCD iPad Air 2 - Preto,Manutenção LCD/ Touch,iPad Air 2,"1.000,00",3,3.0,OK,2025-09-11,,,
23958,Vidro e touchscreen com LCD iPad Air 2 - Branco,Manutenção LCD/ Touch,iPad Air 2,"1.000,00",1,1.0,OK,2025-09-11,,,
26190,Lente de Vidro da Câmera para iPhone 14 - G,Manutenção Câmera,M. iPhone 14,"400,00",3,,Divergente,2025-09-11,,,
26202,Lente de Vidro da Câmera para iPhone 14 Plus - G,Manutenção Câmera,M. iPhone 14 Plus,"400,00",4,,Divergente,2025-09-11,,,
26203,Lente de Vidro da Câmera para iPhone 14 Pro - P,Manutenção Câmera,M. iPhone 14 Pro,"400,00",3,,Divergente,2025-09-11,,,
26204,Lente de Vidro da Câmera para iPhone 14 Pro - M,Manutenção Câmera,M. iPhone 14 Pro,"400,00",4,,Divergente,2025-09-11,,,
26205,Lente de Vidro da Câmera para iPhone 14 Pro - G,Manutenção Câmera,M. iPhone 14 Pro,"400,00",2,,Divergente,2025-09-11,,,
26206,Lente de Vidro da Câmera para iPhone 14 Pro Max - P,Manutenção Câmera,M. iPhone 14 Pro Max,"400,00",2,,Divergente,2025-09-11,,,
26207,Lente de Vidro da Câmera para iPhone 14 Pro Max - M,Manutenção Câmera,M. iPhone 14 Pro Max,"400,00",2,,Divergente,2025-09-11,,,
26208,Lente de Vidro da Câmera para iPhone 14 Pro Max - G,Manutenção Câmera,M. iPhone 14 Pro Max,"400,00",3,,Divergente,2025-09-11,,,
26209,Tampa traseira de vidro para iPhone 14 Plus - Meia-noite,Manutenção Carcaça/Vidro Traseiro,M. iPhone 14 Plus,"1.000,00",3,,Divergente,2025-09-11,,,
26210,Tampa traseira de vidro para iPhone 14 Plus - Roxo,Manutenção Carcaça/Vidro Traseiro,M. iPhone 14 Plus,"1.000,00",2,,Divergente,2025-09-11,,,
26211,Tampa traseira de vidro para iPhone 14 Plus - Estelar,Manutenção Carcaça/Vidro Traseiro,M. iPhone 14 Plus,"1.000,00",2,,Divergente,2025-09-11,,,
26212,Tampa de vidro para iPhone 14 Plus - Vermelha,Manutenção Carcaça/Vidro Traseiro,M. iPhone 14 Plus,"1.000,00",2,,Divergente,2025-09-11,,,
26213,Tampa de vidro para iPhone 14 Plus - Azul,Manutenção Carcaça/Vidro Traseiro,M. iPhone 14 Plus,"1.000,00",1,,Divergente,2025-09-11,,,
26214,Tampa de vidro para iPhone 14 Pro - Preto-espacial,Manutenção Carcaça/Vidro Traseiro,M. iPhone 14 Pro,"900,00",3,,Divergente,2025-09-11,,,
26215,Tampa de vidro para iPhone 14 Pro - Prateado,Manutenção Carcaça/Vidro Traseiro,M. iPhone 14 Pro,"900,00",2,,Divergente,2025-09-11,,,
26216,Tampa de vidro para iPhone 14 Pro - Dourado,Manutenção Carcaça/Vidro Traseiro,M. iPhone 14 Pro,"900,00",5,,Divergente,2025-09-11,,,
26217,Tampa de vidro para iPhone 14 Pro - Roxo-Profundo,Manutenção Carcaça/Vidro Traseiro,M. iPhone 14 Pro,"900,00",4,,Divergente,2025-09-11,,,
26218,Tampa de vidro para iPhone 14 Pro Max - Preto-espacial,Manutenção Carcaça/Vidro Traseiro,M. iPhone 14 Pro Max,"1.000,00",3,,Divergente,2025-09-11,,,
26219,Tampa de vidro para iPhone 14 Pro Max - Prateado,Manutenção Carcaça/Vidro Traseiro,M. iPhone 14 Pro Max,"1.000,00",2,,Divergente,2025-09-11,,,
26220,Tampa de vidro para iPhone 14 Pro Max - Dourado,Manutenção Carcaça/Vidro Traseiro,M. iPhone 14 Pro Max,"1.000,00",3,,Divergente,2025-09-11,,,
26221,Tampa de vidro para iPhone 14 Pro Max - Roxo-profundo,Manutenção Carcaça/Vidro Traseiro,M. iPhone 14 Pro Max,"1.000,00",3,,Divergente,2025-09-11,,,
26243,Câmera traseira para iPhone 13,Manutenção Câmera,M. iPhone 13,"800,00",1,,Divergente,2025-09-11,,,
26244,Câmera traseira para iPhone 13 Pro,Manutenção Câmera,M. iPhone 13 Pro,"1.000,00",1,,Divergente,2025-09-11,,,
26245,Câmera traseira para iPhone 13 Pro Max,Manutenção Câmera,M. iPhone 13 Pro Max,"1.000,00",1,,Divergente,2025-09-11,,,
26258,Flex volume / power / vibra / indução - iPhone 13 Pro Max,Manutenção Vibra / Volume / Power,M. iPhone 13 Pro Max,"500,00",2,,Divergente,2025-09-11,,,
26954,Bateria de iPhone 13 Pro - Sem Flex,Manutenção Bateria,M. iPhone 13 Pro,"600,00",2,2.0,OK,2025-09-11,,,
26268,Bateria de iPhone 13,Manutenção Bateria,M. iPhone 13,"600,00",2,2.0,OK,2025-09-11,,,
26953,Bateria de iPhone 13 - Sem Flex,Manutenção Bateria,M. iPhone 13,"600,00",3,3.0,OK,2025-09-11,,,
26275,Volume / power / vibra / indução - iPhone 13,Manutenção Vibra / Volume / Power,M. iPhone 13,"500,00",1,,Divergente,2025-09-11,,,
25373,Bateria de iPhone 12 Pro Max,Manutenção Bateria,M. iPhone 12 Pro Max,"500,00",3,2.0,Divergente,2025-09-11,falta 8502755,,
26294,Tampa traseira de vidro para iPhone 13 Pro Max - Verde,Manutenção Carcaça/Vidro Traseiro,M. iPhone 13 Pro Max,"800,00",5,,Divergente,2025-09-11,,,
23998,Vidro e touchscreen iPad Air - Preto,Manutenção LCD/ Touch,iPad Air,"300,00",2,1.0,Divergente,2025-09-11,Falta 5258082,,
24001,Vidro e touchscreen iPad Air - Branco,Manutenção LCD/ Touch,iPad Air,"300,00",1,1.0,OK,2025-09-11,,,
26371,Câmera traseira do iPhone 14,Manutenção Câmera,M. iPhone 14,"1.000,00",1,,Divergente,2025-09-11,,,
26372,Câmera traseira do iPhone 14 Plus,Manutenção Câmera,M. iPhone 14 Plus,"1.000,00",1,,Divergente,2025-09-11,,,
26374,Câmera traseira do iPhone 14 Pro Max,Manutenção Câmera,M. iPhone 14 Pro Max,"1.200,00",1,,Divergente,2025-09-11,,,
26377,Flex sensor / microfone da câmera do iPhone 14 Pro,Manutenção Flex do Sensor,M. iPhone 14 Pro,"800,00",3,,Divergente,2025-09-11,,,
26378,Flex sensor / microfone da câmera do iPhone 14 Pro Max,Manutenção Flex do Sensor,M. iPhone 14 Pro Max,"800,00",1,,Divergente,2025-09-11,,,
26386,Alto-falante auricular do iPhone 14 Pro,Manutenção Alto Falante,M. iPhone 14 Pro,"500,00",1,,Divergente,2025-09-11,,,
26388,Flex flash do iPhone 14 Pro,Manutenção Câmera,M. iPhone 14 Pro,"500,00",2,,Divergente,2025-09-11,,,
26389,Flex flash do iPhone 14 Pro Max,Manutenção Câmera,M. iPhone 14 Pro Max,"500,00",2,,Divergente,2025-09-11,,,
26951,Bateria de iPhone 12 Pro Max - Sem Flex,Manutenção Bateria,M. iPhone 12 Pro Max,"500,00",2,2.0,OK,2025-09-11,,,
26401,Conector de carga do iPhone 14 - Preto,Manutenção Conector,M. iPhone 14,"500,00",1,,Divergente,2025-09-11,,,
26402,Conector de carga do iPhone 14 - Branco,Manutenção Conector,M. iPhone 14,"500,00",2,,Divergente,2025-09-11,,,
26403,Conector de carga do iPhone 14 - Azul,Manutenção Conector,M. iPhone 14,"500,00",1,,Divergente,2025-09-11,,,
26405,Conector de carga do iPhone 14 Plus - Preto,Manutenção Conector,M. iPhone 14 Plus,"800,00",1,,Divergente,2025-09-11,,,
26406,Conector de carga do iPhone 14 Plus - Branco,Manutenção Conector,M. iPhone 14 Plus,"800,00",1,,Divergente,2025-09-11,,,
26411,Conector de carga do iPhone 14 Pro - Branco,Manutenção Conector,M. iPhone 14 Pro,"800,00",2,,Divergente,2025-09-11,,,
26412,Conector de carga do iPhone 14 Pro Max - Roxo-profundo,Manutenção Conector,M. iPhone 14 Pro Max,"800,00",3,,Divergente,2025-09-11,,,
26414,Conector de carga do iPhone 14 Pro Max - Branco,Manutenção Conector,M. iPhone 14 Pro Max,"800,00",2,,Divergente,2025-09-11,,,
26415,Conector de carga do iPhone 14 Pro Max - Preto,Manutenção Conector,M. iPhone 14 Pro Max,"800,00",2,,Divergente,2025-09-11,,,
26590,Tampa de vidro para iPhone SE 3 - Vermelho,Manutenção Carcaça/Vidro Traseiro,M. iPhone SE 3,"400,00",3,,Divergente,2025-09-11,,,
24329,LCD para iPad Air/5,Manutenção LCD/ Touch,iPad Air,"600,00",2,2.0,OK,2025-09-11,,,
25633,Vidro e touchscreen iPad 9 - Preto,Manutenção LCD/ Touch,iPad 9. Manut,"1.200,00",5,5.0,OK,2025-09-11,,,
25634,Vidro e touchscreen iPad 9 - Branco,Manutenção LCD/ Touch,iPad 9. Manut,"1.200,00",2,2.0,OK,2025-09-11,,,
24765,Vidro e touchscreen iPad 8 - Preto,Manutenção LCD/ Touch,iPad 8° Ger. 10.2,"1.000,00",2,2.0,OK,2025-09-11,,,
26094,Bateria de iPhone 12 Mini,Manutenção Bateria,M. iPhone 12 Mini,"400,00",2,2.0,OK,2025-09-11,,,
26952,Bateria de iPhone 12 Mini - Sem Flex,Manutenção Bateria,M. iPhone 12 Mini,"400,00",2,2.0,OK,2025-09-11,,,
25368,Bateria de iPhone 12/12 Pro,Manutenção Bateria,M. iPhone 12,"500,00",2,1.0,Divergente,2025-09-11,falta 11182610,,
26755,Carcaça completa para iPhone 14 Pro - Dourado,Manutenção Carcaça/Vidro Traseiro,M. iPhone 14 Pro,"1.500,00",1,,Divergente,2025-09-11,,,
26756,Carcaça completa para iPhone 14 Pro - Prateado,Manutenção Carcaça/Vidro Traseiro,M. iPhone 14 Pro,"1.500,00",1,,Divergente,2025-09-11,,,
26757,Carcaça completa para iPhone 14 Pro - Preto-espacial,Manutenção Carcaça/Vidro Traseiro,M. iPhone 14 Pro,"1.500,00",1,,Divergente,2025-09-11,,,
26758,Carcaça completa para iPhone 14 Pro - Roxo-profundo,Manutenção Carcaça/Vidro Traseiro,M. iPhone 14 Pro,"1.500,00",1,,Divergente,2025-09-11,,,
26759,Carcaça completa para iPhone 14 Pro Max - Roxo-profundo,Manutenção Carcaça/Vidro Traseiro,M. iPhone 14 Pro Max,"1.800,00",1,,Divergente,2025-09-11,,,
26760,Carcaça completa para iPhone 14 Pro Max - Preto-espacial,Manutenção Carcaça/Vidro Traseiro,M. iPhone 14 Pro Max,"1.800,00",2,,Divergente,2025-09-11,,,
26761,Carcaça completa para iPhone 14 Pro Max - Dourado,Manutenção Carcaça/Vidro Traseiro,M. iPhone 14 Pro Max,"1.800,00",1,,Divergente,2025-09-11,,,
26762,Carcaça completa para iPhone 14 Pro Max - Prateado,Manutenção Carcaça/Vidro Traseiro,M. iPhone 14 Pro Max,"1.800,00",1,,Divergente,2025-09-11,,,
24768,Vidro e touchscreen iPad 8 - Branco,Manutenção LCD/ Touch,iPad 8° Ger. 10.2,"900,00",3,3.0,OK,2025-09-11,,,
24115,Vidro e touchscreen iPad 7 - Preto,Manutenção LCD/ Touch,iPad 7° Ger. 10.2p,"900,00",2,3.0,Divergente,2025-09-11,outro codigo que consta la  11183482,,
24166,LCD para iPad 7,Manutenção LCD/ Touch,iPad 7° Ger. 10.2p,"1.000,00",2,2.0,OK,2025-09-11,,,
26815,Alto-falante auricular do iPhone 13,Manutenção Alto Falante,M. iPhone 13,"400,00",1,,Divergente,2025-09-11,,,
24170,Vidro e touchscreen iPad 7 - Branco,Manutenção LCD/ Touch,iPad 7° Ger. 10.2p,"900,00",4,4.0,OK,2025-09-11,,,
24003,Vidro e touchscreen iPad 6 - Preto,Manutenção LCD/ Touch,Ipad 6,"500,00",2,2.0,OK,2025-09-11,,,
26950,Bateria de iPhone 12/12 Pro - Sem flex,Manutenção Bateria,M. iPhone 12,"500,00",3,2.0,Divergente,2025-09-11,falta 10403412,,
24579,Bateria de iPhone 11 Pro Max,Manutenção Bateria,M. iPhone 11 Pro Max,"550,00",4,4.0,OK,2025-09-11,,,
26949,Bateria de iPhone 11 Pro Max - Sem Flex,Manutenção Bateria,M. iPhone 11 Pro Max,"550,00",2,2.0,OK,2025-09-11,,,
24534,Bateria de iPhone 11 Pro,Manutenção Bateria,M. iPhone 11 Pro,"550,00",3,3.0,OK,2025-09-11,,,
26948,Bateria de iPhone 11 Pro - Sem Flex,Manutenção Bateria,M. iPhone 11 Pro,"550,00",2,2.0,OK,2025-09-11,,,
24387,Bateria de iPhone 11,Manutenção Bateria,M. iPhone 11,"500,00",4,4.0,OK,2025-09-11,,,
26947,Bateria de iPhone 11 - Sem Flex,Manutenção Bateria,M. iPhone 11,"500,00",2,0.0,Divergente,2025-09-11,"falta 11181108 , 08503098",,
24714,Bateria de iPad Pro 9.7,Manutenção Bateria,iPad Pro 9.7p,"800,00",1,1.0,OK,2025-09-11,,,
25755,Bateria iPad Pro 12.9 (1° Ger) - A1584 / A1652,Manutenção Bateria,iPad Pro 12.9,"1.200,00",1,1.0,OK,2025-09-11,,,
26278,Bateria de iPad Mini 5,Manutenção Bateria,iPad Mini 5,"550,00",2,2.0,OK,2025-09-11,,,
21512,Bateria de iPad Mini 3,Manutenção Bateria,iPad Mini,"350,00",3,3.0,OK,2025-09-11,,,
21514,Bateria de iPad Mini,Manutenção Bateria,iPad Mini,"380,00",2,2.0,OK,2025-09-11,,,
21557,Bateria de iPad Mini 2,Manutenção Bateria,iPad Mini,"380,00",2,2.0,OK,2025-09-11,,,
22597,Bateria de iPad Mini 4,Manutenção Bateria,iPad Mini,"450,00",2,2.0,OK,2025-09-11,,,
21691,Bateria de iPad Air 2,Manutenção Bateria,iPad Air 2,"380,00",2,2.0,OK,2025-09-11,,,
24116,Vidro e touchscreen iPad 6 - Branco,Manutenção LCD/ Touch,Ipad 6,"500,00",1,1.0,OK,2025-09-11,,,
27003,Tampa traseira de vidro para iPhone 13 Mini - Branco,Manutenção Carcaça/Vidro Traseiro,M. iPhone 13 Mini,"700,00",1,,Divergente,2025-09-11,,,
21513,Bateria de iPad Air 1 / iPad 5,Manutenção Bateria,iPad Air,"350,00",1,0.0,Divergente,2025-09-11,não encontrou ,,
27055,Tampa traseira de vidro para iPhone 15 - Rosa,Manutenção Carcaça/Vidro Traseiro,M. iPhone 15,"1.800,00",4,,Divergente,2025-09-11,,,
27056,Tampa traseira de vidro para iPhone 15 - Preto,Manutenção Carcaça/Vidro Traseiro,M. iPhone 15,"1.800,00",3,,Divergente,2025-09-11,,,
27057,Tampa traseira de vidro para iPhone 15 - Azul,Manutenção Carcaça/Vidro Traseiro,M. iPhone 15,"1.800,00",3,,Divergente,2025-09-11,,,
27058,Tampa traseira de vidro para iPhone 15 - Verde,Manutenção Carcaça/Vidro Traseiro,M. iPhone 15,"1.800,00",2,,Divergente,2025-09-11,,,
27059,Tampa traseira de vidro para iPhone 15 - Amarelo,Manutenção Carcaça/Vidro Traseiro,M. iPhone 15,"1.800,00",3,,Divergente,2025-09-11,,,
27060,Tampa traseira de vidro para iPhone 15 Plus - Rosa,Manutenção Carcaça/Vidro Traseiro,M. iPhone 15 Plus,"1.800,00",3,,Divergente,2025-09-11,,,
27061,Tampa traseira de vidro para iPhone 15 Plus - Preto,Manutenção Carcaça/Vidro Traseiro,M. iPhone 15 Plus,"1.800,00",3,,Divergente,2025-09-11,,,
27062,Tampa traseira de vidro para iPhone 15 Plus - Azul,Manutenção Carcaça/Vidro Traseiro,M. iPhone 15 Plus,"1.800,00",4,,Divergente,2025-09-11,,,
27063,Tampa traseira de vidro para iPhone 15 Plus - Verde,Manutenção Carcaça/Vidro Traseiro,M. iPhone 15 Plus,"1.800,00",4,,Divergente,2025-09-11,,,
27064,Tampa traseira de vidro para iPhone 15 Plus - Amarelo,Manutenção Carcaça/Vidro Traseiro,M. iPhone 15 Plus,"1.800,00",2,,Divergente,2025-09-11,,,
27065,Tampa traseira de vidro para iPhone 15 Pro - Preto,Manutenção Carcaça/Vidro Traseiro,M. iPhone 15 Pro,"1.800,00",3,,Divergente,2025-09-11,,,
27066,Tampa traseira de vidro para iPhone 15 Pro - Azul,Manutenção Carcaça/Vidro Traseiro,M. iPhone 15 Pro,"1.800,00",3,,Divergente,2025-09-11,,,
27067,Tampa traseira de vidro para iPhone 15 Pro - Prata,Manutenção Carcaça/Vidro Traseiro,M. iPhone 15 Pro,"1.800,00",3,,Divergente,2025-09-11,,,
27068,Tampa traseira de vidro para iPhone 15 Pro - Natural,Manutenção Carcaça/Vidro Traseiro,M. iPhone 15 Pro,"1.800,00",5,,Divergente,2025-09-11,,,
27069,Tampa traseira de vidro para iPhone 15 Pro Max - Preto,Manutenção Carcaça/Vidro Traseiro,M. iPhone 15 Pro Max,"1.800,00",2,,Divergente,2025-09-11,,,
27070,Tampa traseira de vidro para iPhone 15 Pro Max - Azul,Manutenção Carcaça/Vidro Traseiro,M. iPhone 15 Pro Max,"1.800,00",4,,Divergente,2025-09-11,,,
27071,Tampa traseira de vidro para iPhone 15 Pro Max - Prata,Manutenção Carcaça/Vidro Traseiro,M. iPhone 15 Pro Max,"1.800,00",3,,Divergente,2025-09-11,,,
27072,Tampa traseira de vidro para iPhone 15 Pro Max - Natural,Manutenção Carcaça/Vidro Traseiro,M. iPhone 15 Pro Max,"1.800,00",2,,Divergente,2025-09-11,,,
24163,LCD para iPad 6,Manutenção LCD/ Touch,Ipad 6,"700,00",2,2.0,OK,2025-09-11,,,
24327,Vidro e touchscreen iPad 5 - Preto,Manutenção LCD/ Touch,iPad 5,"450,00",1,1.0,OK,2025-09-11,,,
27108,Lente de Vidro da Câmera para iPhone 15,Manutenção Câmera,M. iPhone 15,"600,00",3,,Divergente,2025-09-11,,,
27109,Lente de Vidro da Câmera para iPhone 15 Pro - P,Manutenção Câmera,M. iPhone 15 Pro,"600,00",2,,Divergente,2025-09-11,,,
27110,Lente de Vidro da Câmera para iPhone 15 Pro - M,Manutenção Câmera,M. iPhone 15 Pro,"600,00",2,,Divergente,2025-09-11,,,
27111,Lente de Vidro da Câmera para iPhone 15 Pro - G,Manutenção Câmera,M. iPhone 15 Pro,"600,00",2,,Divergente,2025-09-11,,,
27112,Lente de Vidro da Câmera para iPhone 15 Pro Max - P,Manutenção Câmera,M. iPhone 15 Pro Max,"600,00",1,,Divergente,2025-09-11,,,
27113,Lente de Vidro da Câmera para iPhone 15 Pro Max - M,Manutenção Câmera,M. iPhone 15 Pro Max,"600,00",1,,Divergente,2025-09-11,,,
27114,Lente de Vidro da Câmera para iPhone 15 Pro Max - G,Manutenção Câmera,M. iPhone 15 Pro Max,"600,00",1,,Divergente,2025-09-11,,,
27115,Flex sensor / microfone da câmera do iPhone 15,Manutenção Flex do Sensor,M. iPhone 15,"800,00",1,,Divergente,2025-09-11,,,
27116,Flex sensor / microfone da câmera do iPhone 15 Pro Max,Manutenção Flex do Sensor,M. iPhone 15 Pro Max,"1.300,00",1,,Divergente,2025-09-11,,,
27125,Flex sensor / microfone da câmera do iPhone 15 Pro,Manutenção Flex do Sensor,M. iPhone 15 Pro,"1.300,00",1,,Divergente,2025-09-11,,,
27130,Flex microfone da câmera traseira - iPhone 14 Pro,Manutenção Microfone,M. iPhone 14 Pro,"800,00",1,,Divergente,2025-09-11,,,
27184,Flex sensor / microfone da câmera do iPhone 15 Plus,Manutenção Flex do Sensor,M. iPhone 15 Plus,"1.000,00",1,,Divergente,2025-09-11,,,
27189,Alto-falante auricular do iPhone 13 Pro Max,Manutenção Alto Falante,M. iPhone 13 Pro Max,"400,00",4,,Divergente,2025-09-11,,,
26400,Bateria de iPad 9,Manutenção Bateria,iPad 9. Manut,"800,00",1,1.0,OK,2025-09-11,,,
27233,Flex flash do iPhone 15 Plus,Manutenção Câmera,M. iPhone 15 Plus,"800,00",1,,Divergente,2025-09-11,,,
27234,Flex flash do iPhone 15 Pro,Manutenção Câmera,M. iPhone 15 Pro,"800,00",1,,Divergente,2025-09-11,,,
27235,Flex flash do iPhone 15 Pro Max,Manutenção Câmera,M. iPhone 15 Pro Max,"800,00",1,,Divergente,2025-09-11,,,
27251,Aro Metálico para iPhone 15 Pro - Azul,Manutenção Carcaça/Vidro Traseiro,M. iPhone 15 Pro,"1.200,00",2,,Divergente,2025-09-11,,,
27252,Aro Metálico para iPhone 15 Pro - Preto,Manutenção Carcaça/Vidro Traseiro,M. iPhone 15 Pro,"1.200,00",3,,Divergente,2025-09-11,,,
27253,Aro Metálico para iPhone 15 Plus - Amarelo,Manutenção Carcaça/Vidro Traseiro,M. iPhone 15 Plus,"1.200,00",1,,Divergente,2025-09-11,,,
27254,Aro Metálico para iPhone 15 Plus - Verde,Manutenção Carcaça/Vidro Traseiro,M. iPhone 15 Plus,"1.200,00",2,,Divergente,2025-09-11,,,
27261,Conector de Carga iPhone 15 Pro Max - Branco,Manutenção Conector,M. iPhone 15 Pro Max,"1.000,00",1,,Divergente,2025-09-11,,,
27264,Tampa traseira de vidro para iPhone 13 Mini - Preta,Manutenção Carcaça/Vidro Traseiro,M. iPhone 13 Mini,"700,00",1,,Divergente,2025-09-11,,,
27265,Tampa traseira de vidro para iPhone 13 Mini - Azul,Manutenção Carcaça/Vidro Traseiro,M. iPhone 13 Mini,"700,00",1,,Divergente,2025-09-11,,,
27273,Aro Metálico para iPhone 15 - Verde,Manutenção Carcaça/Vidro Traseiro,M. iPhone 15,"1.000,00",2,,Divergente,2025-09-11,,,
27274,Aro Metálico para iPhone 15 - Amarelo,Manutenção Carcaça/Vidro Traseiro,M. iPhone 15,"1.000,00",1,,Divergente,2025-09-11,,,
27275,Aro Metálico para iPhone 15 - Rosa,Manutenção Carcaça/Vidro Traseiro,M. iPhone 15,"1.000,00",2,,Divergente,2025-09-11,,,
27276,Aro Metálico para iPhone 15 - Preto,Manutenção Carcaça/Vidro Traseiro,M. iPhone 15,"1.000,00",2,,Divergente,2025-09-11,,,
27277,Aro Metálico para iPhone 15 - Azul,Manutenção Carcaça/Vidro Traseiro,M. iPhone 15,"1.000,00",2,,Divergente,2025-09-11,,,
27278,Aro Metálico para iPhone 15 Plus - Preto,Manutenção Carcaça/Vidro Traseiro,M. iPhone 15 Plus,"1.200,00",2,,Divergente,2025-09-11,,,
27279,Aro Metálico para iPhone 15 Plus - Rosa,Manutenção Carcaça/Vidro Traseiro,M. iPhone 15 Plus,"1.200,00",2,,Divergente,2025-09-11,,,
27280,Aro Metálico para iPhone 15 Plus - Azul,Manutenção Carcaça/Vidro Traseiro,M. iPhone 15 Plus,"1.200,00",2,,Divergente,2025-09-11,,,
27281,Aro Metálico para iPhone 15 Pro - Natural,Manutenção Carcaça/Vidro Traseiro,M. iPhone 15 Pro,"1.200,00",2,,Divergente,2025-09-11,,,
27282,Aro Metálico para iPhone 15 Pro - Prata,Manutenção Carcaça/Vidro Traseiro,M. iPhone 15 Pro,"1.200,00",2,,Divergente,2025-09-11,,,
27283,Aro Metálico para iPhone 15 Pro Max- Preto,Manutenção Carcaça/Vidro Traseiro,M. iPhone 15 Pro Max,"1.500,00",2,,Divergente,2025-09-11,,,
27284,Aro Metálico para iPhone 15 Pro Max- Prata,Manutenção Carcaça/Vidro Traseiro,M. iPhone 15 Pro Max,"1.500,00",3,,Divergente,2025-09-11,,,
27285,Aro Metálico para iPhone 15 Pro Max- Natural,Manutenção Carcaça/Vidro Traseiro,M. iPhone 15 Pro Max,"1.500,00",2,,Divergente,2025-09-11,,,
27286,Aro Metálico para iPhone 15 Pro Max- Azul,Manutenção Carcaça/Vidro Traseiro,M. iPhone 15 Pro Max,"1.500,00",2,,Divergente,2025-09-11,,,
27449,Flex power do iPhone 14 Pro Max,Manutenção Vibra / Volume / Power,M. iPhone 14 Pro Max,"500,00",4,,Divergente,2025-09-11,,,
24900,Bateria de iPad 7,Manutenção Bateria,iPad 7° Ger. 10.2p,"500,00",3,3.0,OK,2025-09-11,,,
24204,Bateria de iPad 6,Manutenção Bateria,Ipad 6,"450,00",1,1.0,OK,2025-09-11,,,
21511,Bateria de iPad 3/4,Manutenção Bateria,iPad 3,"300,00",2,1.0,Divergente,2025-09-11,Consta la 8501250 porem o codigo 11185668 não consta la ,,
21510,Bateria de iPad 2,Manutenção Bateria,iPad 2,"200,00",2,2.0,OK,2025-09-11,,,
24328,Vidro e touchscreen iPad 5 - Branco,Manutenção LCD/ Touch,iPad 5,"450,00",1,1.0,OK,2025-09-11,,,
27673,Câmera frontal - iPad 9ª Geração,Manutenção Câmera,iPad 9. Manut,"800,00",2,,Divergente,2025-09-11,,,
23983,LCD para iPad 3/4,Manutenção LCD/ Touch,iPad 3,"300,00",5,4.0,Divergente,2025-09-11,falta 005258035,,
23993,Vidro e touchscreen iPad 3/4 - Preto,Manutenção LCD/ Touch,iPad 3,"300,00",3,3.0,OK,2025-09-11,,,
23996,Vidro e touchscreen iPad 3/4 Branco,Manutenção LCD/ Touch,iPad 3,"300,00",2,2.0,OK,2025-09-11,,,
23975,Vidro e touchscreen iPad 2 - Preto,Manutenção LCD/ Touch,iPad 2,"250,00",5,5.0,OK,2025-09-11,,,
27768,Tampa traseira de vidro para iPhone 16  - Preto,Manutenção Carcaça/Vidro Traseiro,M. iPhone 16,"1.800,00",2,,Divergente,2025-09-11,,,
27769,Tampa traseira de vidro para iPhone 16  - Branco,Manutenção Carcaça/Vidro Traseiro,M. iPhone 16,"1.800,00",2,,Divergente,2025-09-11,,,
27770,Tampa traseira de vidro para iPhone 16 - Rosa,Manutenção Carcaça/Vidro Traseiro,M. iPhone 16,"1.800,00",2,,Divergente,2025-09-11,,,
27771,Tampa traseira de vidro para iPhone 16 - Verde-Acinzentado,Manutenção Carcaça/Vidro Traseiro,M. iPhone 16,"1.800,00",2,,Divergente,2025-09-11,,,
27772,Tampa traseira de vidro para iPhone 16 - Ultramarino,Manutenção Carcaça/Vidro Traseiro,M. iPhone 16,"1.800,00",2,,Divergente,2025-09-11,,,
27773,Tampa traseira de vidro para iPhone 16 Plus - Preto,Manutenção Carcaça/Vidro Traseiro,M. iPhone 16 Plus,"1.800,00",2,,Divergente,2025-09-11,,,
27774,Tampa traseira de vidro para iPhone 16 Plus - Branco,Manutenção Carcaça/Vidro Traseiro,M. iPhone 16 Plus,"1.800,00",2,,Divergente,2025-09-11,,,
27775,Tampa traseira de vidro para iPhone 16 Plus - Rosa,Manutenção Carcaça/Vidro Traseiro,M. iPhone 16 Plus,"1.800,00",2,,Divergente,2025-09-11,,,
27776,Tampa traseira de vidro para iPhone 16 Plus - Verde-Acinzentado,Manutenção Carcaça/Vidro Traseiro,M. iPhone 16 Plus,"1.800,00",2,,Divergente,2025-09-11,,,
27777,Tampa traseira de vidro para iPhone 16 Plus - Ultramarino,Manutenção Carcaça/Vidro Traseiro,M. iPhone 16 Plus,"1.800,00",2,,Divergente,2025-09-11,,,
27779,Tampa traseira de vidro para iPhone 16 Pro - Titânio Preto,Manutenção Carcaça/Vidro Traseiro,M. iPhone 16 Pro,"1.800,00",2,,Divergente,2025-09-11,,,
27780,Tampa traseira de vidro para iPhone 16 Pro - Titânio Branco,Manutenção Carcaça/Vidro Traseiro,M. iPhone 16 Pro,"1.800,00",2,,Divergente,2025-09-11,,,
27781,Tampa traseira de vidro para iPhone 16 Pro - Titânio Natural,Manutenção Carcaça/Vidro Traseiro,M. iPhone 16 Pro,"1.800,00",2,,Divergente,2025-09-11,,,
27782,Tampa traseira de vidro para iPhone 16 Pro - Titânio Deserto,Manutenção Carcaça/Vidro Traseiro,M. iPhone 16 Pro,"1.800,00",2,,Divergente,2025-09-11,,,
27783,Tampa traseira de vidro para iPhone 16 Pro Max - Titânio Preto,Manutenção Carcaça/Vidro Traseiro,M. iPhone 16 Pro Max,"1.800,00",2,,Divergente,2025-09-11,,,
27784,Tampa traseira de vidro para iPhone 16 Pro Max - Titânio Branco,Manutenção Carcaça/Vidro Traseiro,M. iPhone 16 Pro Max,"1.800,00",2,,Divergente,2025-09-11,,,
27785,Tampa traseira de vidro para iPhone 16 Pro Max - Titânio Natural,Manutenção Carcaça/Vidro Traseiro,M. iPhone 16 Pro Max,"1.800,00",1,,Divergente,2025-09-11,,,
27794,Conector de Carga iPhone 16 Plus - Preto,Manutenção Conector,M. iPhone 16 Plus,"1.500,00",2,,Divergente,2025-09-11,,,
27795,Conector de Carga iPhone 16 Plus - Branco,Manutenção Conector,M. iPhone 16 Plus,"1.500,00",1,,Divergente,2025-09-11,,,
27799,Conector de Carga iPhone 16 Pro - Titânio Preto,Manutenção Conector,M. iPhone 16 Pro,"1.600,00",2,,Divergente,2025-09-11,,,
27800,Conector de Carga iPhone 16 Pro - Titânio Branco,Manutenção Conector,M. iPhone 16 Pro,"1.600,00",1,,Divergente,2025-09-11,,,
27803,Conector de Carga iPhone 16 Pro Max - Titânio Preto,Manutenção Conector,M. iPhone 16 Pro Max,"1.800,00",2,,Divergente,2025-09-11,,,
27804,Conector de Carga iPhone 16 Pro Max - Titânio Branco,Manutenção Conector,M. iPhone 16 Pro Max,"1.800,00",1,,Divergente,2025-09-11,,,
27815,Lente de Câmera iPhone 16 - P,Manutenção Câmera,M. iPhone 16,"0,00",3,,Divergente,2025-09-11,,,
27818,Lente de Câmera iPhone 16 Plus - P,Manutenção Câmera,M. iPhone 16 Plus,"0,00",3,,Divergente,2025-09-11,,,
27821,Lente de Câmera iPhone 16 Pro - P,Manutenção Câmera,M. iPhone 16 Pro,"0,00",3,,Divergente,2025-09-11,,,
27822,Lente de Câmera iPhone 16 Pro - M,Manutenção Câmera,M. iPhone 16 Pro,"0,00",3,,Divergente,2025-09-11,,,
27823,Lente de Câmera iPhone 16 Pro - G,Manutenção Câmera,M. iPhone 16 Pro,"600,00",7,,Divergente,2025-09-11,,,
27824,Lente de Câmera iPhone 16 Pro Max - P,Manutenção Câmera,M. iPhone 16 Pro Max,"600,00",5,,Divergente,2025-09-11,,,
27825,Lente de Câmera iPhone 16 Pro Max - M,Manutenção Câmera,M. iPhone 16 Pro Max,"600,00",5,,Divergente,2025-09-11,,,
27826,Lente de Câmera iPhone 16 Pro Max - G,Manutenção Câmera,M. iPhone 16 Pro Max,"600,00",5,,Divergente,2025-09-11,,,
23980,Vidro e touchscreen iPad 2 - Branco,Manutenção LCD/ Touch,iPad 2,"250,00",2,1.0,Divergente,2025-09-11,Falta 4707606,,
24169,LCD para iPad 2,Manutenção LCD/ Touch,iPad 2,"350,00",4,3.0,Divergente,2025-09-11,Falta 04705334,,
27950,Lente de Câmera iPhone 16  - G,Manutenção Câmera,M. iPhone 16,"600,00",5,,Divergente,2025-09-11,,,
27951,Lente de Câmera iPhone 16 Plus - G,Manutenção Câmera,M. iPhone 16 Plus,"0,00",3,,Divergente,2025-09-11,,,
27953,Flex WI-FI - iPhone 16 Plus,Manutenção Wi-Fi,M. iPhone 16 Plus,"500,00",1,,Divergente,2025-09-11,,,
27954,Flex WI-FI - iPhone 16 Pro,Manutenção Wi-Fi,M. iPhone 16 Pro,"500,00",1,,Divergente,2025-09-11,,,
27956,Flex WI-FI - iPhone 16 Pro Max,Manutenção Wi-Fi,M. iPhone 16 Pro Max,"1.000,00",2,,Divergente,2025-09-11,,,
27551,Vidro e touchscreen 10th Generation 2022 A2696 10.9 - Preto,Manutenção LCD/ Touch,iPad 10° Ger. 10.9,"1.500,00",1,2.0,Divergente,2025-09-11,fazer envio para rj 11183812,,
24886,Vidro e touchscreen com LCD iPad Air 3 Preto,Manutenção LCD/ Touch,iPad,"2.000,00",2,2.0,OK,2025-09-11,,,
